listener,psi_star,alpha,c,switch_type,theta_star,mean_abias,abias_r150,std_150
cred,high,1.5,2.0,hard,0.1,0.06903882252573969,0.04226275041699409,0.016390235330836733
cred,high,1.5,2.0,hard,0.3,0.02135652115265528,0.0004229095578193642,0.002306350104845478
cred,high,1.5,2.0,hard,0.5,0.06532850826780001,0.04140531599521637,0.01922699134098366
cred,high,1.5,2.0,hard,0.7,0.01695266649206481,0.002253889203071622,0.0033124354850588133
cred,high,1.5,2.0,hard,0.9,0.03496958684126538,0.018652324080467245,0.013277330703967891
cred,high,1.5,2.0,hard_amnesic,0.1,0.06903882252573969,0.04226275041699409,0.016390235330836733
cred,high,1.5,2.0,hard_amnesic,0.3,0.02135652115265528,0.0004229095578193642,0.002306350104845478
cred,high,1.5,2.0,hard_amnesic,0.5,0.06532850826780001,0.04140531599521637,0.01922699134098366
cred,high,1.5,2.0,hard_amnesic,0.7,0.01695266649206481,0.002253889203071622,0.0033124354850588133
cred,high,1.5,2.0,hard_amnesic,0.9,0.03496958684126538,0.018652324080467245,0.013277330703967891
cred,high,1.5,2.0,soft,0.1,0.06903882252573969,0.04226275041699409,0.016390235330836733
cred,high,1.5,2.0,soft,0.3,0.02135652115265528,0.0004229095578193642,0.002306350104845478
cred,high,1.5,2.0,soft,0.5,0.06532850826780001,0.04140531599521637,0.01922699134098366
cred,high,1.5,2.0,soft,0.7,0.01695266649206481,0.002253889203071622,0.0033124354850588133
cred,high,1.5,2.0,soft,0.9,0.03496958684126538,0.018652324080467245,0.013277330703967891
cred,high,1.5,3.5,hard,0.1,0.06903882252573969,0.04226275041699409,0.016390235330836733
cred,high,1.5,3.5,hard,0.3,0.02135652115265528,0.0004229095578193642,0.002306350104845478
cred,high,1.5,3.5,hard,0.5,0.06532850826780001,0.04140531599521637,0.01922699134098366
cred,high,1.5,3.5,hard,0.7,0.01695266649206481,0.002253889203071622,0.0033124354850588133
cred,high,1.5,3.5,hard,0.9,0.03496958684126538,0.018652324080467245,0.013277330703967891
cred,high,1.5,3.5,hard_amnesic,0.1,0.06903882252573969,0.04226275041699409,0.016390235330836733
cred,high,1.5,3.5,hard_amnesic,0.3,0.02135652115265528,0.0004229095578193642,0.002306350104845478
cred,high,1.5,3.5,hard_amnesic,0.5,0.06532850826780001,0.04140531599521637,0.01922699134098366
cred,high,1.5,3.5,hard_amnesic,0.7,0.01695266649206481,0.002253889203071622,0.0033124354850588133
cred,high,1.5,3.5,hard_amnesic,0.9,0.03496958684126538,0.018652324080467245,0.013277330703967891
cred,high,1.5,3.5,soft,0.1,0.06903882252573969,0.04226275041699409,0.016390235330836733
cred,high,1.5,3.5,soft,0.3,0.02135652115265528,0.0004229095578193642,0.002306350104845478
cred,high,1.5,3.5,soft,0.5,0.06532850826780001,0.04140531599521637,0.01922699134098366
cred,high,1.5,3.5,soft,0.7,0.01695266649206481,0.002253889203071622,0.0033124354850588133
cred,high,1.5,3.5,soft,0.9,0.03496958684126538,0.018652324080467245,0.013277330703967891
cred,high,3.0,2.0,hard,0.1,0.11098086564292511,0.09544281266629696,0.005366613798089475
cred,high,3.0,2.0,hard,0.3,0.02742034796118736,0.0006843160390853831,0.0023648985830368474
cred,high,3.0,2.0,hard,0.5,0.09703881828983624,0.0658873489499092,0.017387415917473847
cred,high,3.0,2.0,hard,0.7,0.017244105310837463,0.0026746243238449496,0.007027537675749045
cred,high,3.0,2.0,hard,0.9,0.07194841037392619,0.07438294827938081,0.015434796527065373
cred,high,3.0,2.0,hard_amnesic,0.1,0.11098086564292511,0.09544281266629696,0.005366613798089475
cred,high,3.0,2.0,hard_amnesic,0.3,0.02742034796118736,0.0006843160390853831,0.0023648985830368474
cred,high,3.0,2.0,hard_amnesic,0.5,0.09703881828983624,0.0658873489499092,0.017387415917473847
cred,high,3.0,2.0,hard_amnesic,0.7,0.017244105310837463,0.0026746243238449496,0.007027537675749045
cred,high,3.0,2.0,hard_amnesic,0.9,0.07194841037392619,0.07438294827938081,0.015434796527065373
cred,high,3.0,2.0,soft,0.1,0.11098086564292511,0.09544281266629696,0.005366613798089475
cred,high,3.0,2.0,soft,0.3,0.02742034796118736,0.0006843160390853831,0.0023648985830368474
cred,high,3.0,2.0,soft,0.5,0.09703881828983624,0.0658873489499092,0.017387415917473847
cred,high,3.0,2.0,soft,0.7,0.017244105310837463,0.0026746243238449496,0.007027537675749045
cred,high,3.0,2.0,soft,0.9,0.07194841037392619,0.07438294827938081,0.015434796527065373
cred,high,3.0,3.5,hard,0.1,0.11098086564292511,0.09544281266629696,0.005366613798089475
cred,high,3.0,3.5,hard,0.3,0.02742034796118736,0.0006843160390853831,0.0023648985830368474
cred,high,3.0,3.5,hard,0.5,0.09703881828983624,0.0658873489499092,0.017387415917473847
cred,high,3.0,3.5,hard,0.7,0.017244105310837463,0.0026746243238449496,0.007027537675749045
cred,high,3.0,3.5,hard,0.9,0.07194841037392619,0.07438294827938081,0.015434796527065373
cred,high,3.0,3.5,hard_amnesic,0.1,0.11098086564292511,0.09544281266629696,0.005366613798089475
cred,high,3.0,3.5,hard_amnesic,0.3,0.02742034796118736,0.0006843160390853831,0.0023648985830368474
cred,high,3.0,3.5,hard_amnesic,0.5,0.09703881828983624,0.0658873489499092,0.017387415917473847
cred,high,3.0,3.5,hard_amnesic,0.7,0.017244105310837463,0.0026746243238449496,0.007027537675749045
cred,high,3.0,3.5,hard_amnesic,0.9,0.07194841037392619,0.07438294827938081,0.015434796527065373
cred,high,3.0,3.5,soft,0.1,0.11098086564292511,0.09544281266629696,0.005366613798089475
cred,high,3.0,3.5,soft,0.3,0.02742034796118736,0.0006843160390853831,0.0023648985830368474
cred,high,3.0,3.5,soft,0.5,0.09703881828983624,0.0658873489499092,0.017387415917473847
cred,high,3.0,3.5,soft,0.7,0.017244105310837463,0.0026746243238449496,0.007027537675749045
cred,high,3.0,3.5,soft,0.9,0.07194841037392619,0.07438294827938081,0.015434796527065373
cred,high,5.0,2.0,hard,0.1,0.1265579078728954,0.09999615252017975,0.00020980365032528426
cred,high,5.0,2.0,hard,0.3,0.058138667798042304,0.0027000658512115485,0.00318661829798657
cred,high,5.0,2.0,hard,0.5,0.1184636984705925,0.09309242755174636,0.014440879677131306
cred,high,5.0,2.0,hard,0.7,0.020334289141893423,0.005221180677413981,0.007430863006811705
cred,high,5.0,2.0,hard,0.9,0.08021580703258518,0.08784299552440646,0.009448088661379188
cred,high,5.0,2.0,hard_amnesic,0.1,0.1265579078728954,0.09999615252017975,0.00020980365032528426
cred,high,5.0,2.0,hard_amnesic,0.3,0.058138667798042304,0.0027000658512115485,0.00318661829798657
cred,high,5.0,2.0,hard_amnesic,0.5,0.1184636984705925,0.09309242755174636,0.014440879677131306
cred,high,5.0,2.0,hard_amnesic,0.7,0.020334289141893423,0.005221180677413981,0.007430863006811705
cred,high,5.0,2.0,hard_amnesic,0.9,0.08021580703258518,0.08784299552440646,0.009448088661379188
cred,high,5.0,2.0,soft,0.1,0.1265579078728954,0.09999615252017975,0.00020980365032528426
cred,high,5.0,2.0,soft,0.3,0.058138667798042304,0.0027000658512115485,0.00318661829798657
cred,high,5.0,2.0,soft,0.5,0.1184636984705925,0.09309242755174636,0.014440879677131306
cred,high,5.0,2.0,soft,0.7,0.020334289141893423,0.005221180677413981,0.007430863006811705
cred,high,5.0,2.0,soft,0.9,0.08021580703258518,0.08784299552440646,0.009448088661379188
cred,high,5.0,3.5,hard,0.1,0.1265579078728954,0.09999615252017975,0.00020980365032528426
cred,high,5.0,3.5,hard,0.3,0.058138667798042304,0.0027000658512115485,0.00318661829798657
cred,high,5.0,3.5,hard,0.5,0.1184636984705925,0.09309242755174636,0.014440879677131306
cred,high,5.0,3.5,hard,0.7,0.020334289141893423,0.005221180677413981,0.007430863006811705
cred,high,5.0,3.5,hard,0.9,0.08021580703258518,0.08784299552440646,0.009448088661379188
cred,high,5.0,3.5,hard_amnesic,0.1,0.1265579078728954,0.09999615252017975,0.00020980365032528426
cred,high,5.0,3.5,hard_amnesic,0.3,0.058138667798042304,0.0027000658512115485,0.00318661829798657
cred,high,5.0,3.5,hard_amnesic,0.5,0.1184636984705925,0.09309242755174636,0.014440879677131306
cred,high,5.0,3.5,hard_amnesic,0.7,0.020334289141893423,0.005221180677413981,0.007430863006811705
cred,high,5.0,3.5,hard_amnesic,0.9,0.08021580703258518,0.08784299552440646,0.009448088661379188
cred,high,5.0,3.5,soft,0.1,0.1265579078728954,0.09999615252017975,0.00020980365032528426
cred,high,5.0,3.5,soft,0.3,0.058138667798042304,0.0027000658512115485,0.00318661829798657
cred,high,5.0,3.5,soft,0.5,0.1184636984705925,0.09309242755174636,0.014440879677131306
cred,high,5.0,3.5,soft,0.7,0.020334289141893423,0.005221180677413981,0.007430863006811705
cred,high,5.0,3.5,soft,0.9,0.08021580703258518,0.08784299552440646,0.009448088661379188
cred,high,10.0,2.0,hard,0.1,0.1495300051242113,0.1000472705066204,0.0007368149316198469
cred,high,10.0,2.0,hard,0.3,0.122112953141133,0.027654887557029734,0.009079159932953189
cred,high,10.0,2.0,hard,0.5,0.1714301756322384,0.1446410435438156,0.01887405458277499
cred,high,10.0,2.0,hard,0.7,0.02701893381357197,0.00900620043277745,0.01384688629397715
cred,high,10.0,2.0,hard,0.9,0.08670786980589235,0.09757184803485872,0.002974181250422134
cred,high,10.0,2.0,hard_amnesic,0.1,0.1495300051242113,0.1000472705066204,0.0007368149316198469
cred,high,10.0,2.0,hard_amnesic,0.3,0.122112953141133,0.027654887557029734,0.009079159932953189
cred,high,10.0,2.0,hard_amnesic,0.5,0.1714301756322384,0.1446410435438156,0.01887405458277499
cred,high,10.0,2.0,hard_amnesic,0.7,0.02701893381357197,0.00900620043277745,0.01384688629397715
cred,high,10.0,2.0,hard_amnesic,0.9,0.08670786980589235,0.09757184803485872,0.002974181250422134
cred,high,10.0,2.0,soft,0.1,0.1495300051242113,0.1000472705066204,0.0007368149316198469
cred,high,10.0,2.0,soft,0.3,0.122112953141133,0.027654887557029734,0.009079159932953189
cred,high,10.0,2.0,soft,0.5,0.1714301756322384,0.1446410435438156,0.01887405458277499
cred,high,10.0,2.0,soft,0.7,0.02701893381357197,0.00900620043277745,0.01384688629397715
cred,high,10.0,2.0,soft,0.9,0.08670786980589235,0.09757184803485872,0.002974181250422134
cred,high,10.0,3.5,hard,0.1,0.1495300051242113,0.1000472705066204,0.0007368149316198469
cred,high,10.0,3.5,hard,0.3,0.122112953141133,0.027654887557029734,0.009079159932953189
cred,high,10.0,3.5,hard,0.5,0.1714301756322384,0.1446410435438156,0.01887405458277499
cred,high,10.0,3.5,hard,0.7,0.02701893381357197,0.00900620043277745,0.01384688629397715
cred,high,10.0,3.5,hard,0.9,0.08670786980589235,0.09757184803485872,0.002974181250422134
cred,high,10.0,3.5,hard_amnesic,0.1,0.1495300051242113,0.1000472705066204,0.0007368149316198469
cred,high,10.0,3.5,hard_amnesic,0.3,0.122112953141133,0.027654887557029734,0.009079159932953189
cred,high,10.0,3.5,hard_amnesic,0.5,0.1714301756322384,0.1446410435438156,0.01887405458277499
cred,high,10.0,3.5,hard_amnesic,0.7,0.02701893381357197,0.00900620043277745,0.01384688629397715
cred,high,10.0,3.5,hard_amnesic,0.9,0.08670786980589235,0.09757184803485872,0.002974181250422134
cred,high,10.0,3.5,soft,0.1,0.1495300051242113,0.1000472705066204,0.0007368149316198469
cred,high,10.0,3.5,soft,0.3,0.122112953141133,0.027654887557029734,0.009079159932953189
cred,high,10.0,3.5,soft,0.5,0.1714301756322384,0.1446410435438156,0.01887405458277499
cred,high,10.0,3.5,soft,0.7,0.02701893381357197,0.00900620043277745,0.01384688629397715
cred,high,10.0,3.5,soft,0.9,0.08670786980589235,0.09757184803485872,0.002974181250422134
cred,inf,1.5,2.0,hard,0.1,0.008876875698566433,1.4492124319021027e-06,0.00010503129901652253
cred,inf,1.5,2.0,hard,0.3,0.01815911592503389,0.0010500576496124292,0.0033591651919778085
cred,inf,1.5,2.0,hard,0.5,0.025600767465432484,0.004698982834815979,0.00905180175032001
cred,inf,1.5,2.0,hard,0.7,0.019692307060956947,0.0012253319025039523,0.0033533089640332037
cred,inf,1.5,2.0,hard,0.9,0.007393279518683774,6.496906282738024e-08,2.341446114369816e-05
cred,inf,1.5,2.0,hard_amnesic,0.1,0.008876875698566433,1.4492124319021027e-06,0.00010503129901652253
cred,inf,1.5,2.0,hard_amnesic,0.3,0.01815911592503389,0.0010500576496124292,0.0033591651919778085
cred,inf,1.5,2.0,hard_amnesic,0.5,0.025600767465432484,0.004698982834815979,0.00905180175032001
cred,inf,1.5,2.0,hard_amnesic,0.7,0.019692307060956947,0.0012253319025039523,0.0033533089640332037
cred,inf,1.5,2.0,hard_amnesic,0.9,0.007393279518683774,6.496906282738024e-08,2.341446114369816e-05
cred,inf,1.5,2.0,soft,0.1,0.008876875698566433,1.4492124319021027e-06,0.00010503129901652253
cred,inf,1.5,2.0,soft,0.3,0.01815911592503389,0.0010500576496124292,0.0033591651919778085
cred,inf,1.5,2.0,soft,0.5,0.025600767465432484,0.004698982834815979,0.00905180175032001
cred,inf,1.5,2.0,soft,0.7,0.019692307060956947,0.0012253319025039523,0.0033533089640332037
cred,inf,1.5,2.0,soft,0.9,0.007393279518683774,6.496906282738024e-08,2.341446114369816e-05
cred,inf,1.5,3.5,hard,0.1,0.008876875698566433,1.4492124319021027e-06,0.00010503129901652253
cred,inf,1.5,3.5,hard,0.3,0.01815911592503389,0.0010500576496124292,0.0033591651919778085
cred,inf,1.5,3.5,hard,0.5,0.025600767465432484,0.004698982834815979,0.00905180175032001
cred,inf,1.5,3.5,hard,0.7,0.019692307060956947,0.0012253319025039523,0.0033533089640332037
cred,inf,1.5,3.5,hard,0.9,0.007393279518683774,6.496906282738024e-08,2.341446114369816e-05
cred,inf,1.5,3.5,hard_amnesic,0.1,0.008876875698566433,1.4492124319021027e-06,0.00010503129901652253
cred,inf,1.5,3.5,hard_amnesic,0.3,0.01815911592503389,0.0010500576496124292,0.0033591651919778085
cred,inf,1.5,3.5,hard_amnesic,0.5,0.025600767465432484,0.004698982834815979,0.00905180175032001
cred,inf,1.5,3.5,hard_amnesic,0.7,0.019692307060956947,0.0012253319025039523,0.0033533089640332037
cred,inf,1.5,3.5,hard_amnesic,0.9,0.007393279518683774,6.496906282738024e-08,2.341446114369816e-05
cred,inf,1.5,3.5,soft,0.1,0.008876875698566433,1.4492124319021027e-06,0.00010503129901652253
cred,inf,1.5,3.5,soft,0.3,0.01815911592503389,0.0010500576496124292,0.0033591651919778085
cred,inf,1.5,3.5,soft,0.5,0.025600767465432484,0.004698982834815979,0.00905180175032001
cred,inf,1.5,3.5,soft,0.7,0.019692307060956947,0.0012253319025039523,0.0033533089640332037
cred,inf,1.5,3.5,soft,0.9,0.007393279518683774,6.496906282738024e-08,2.341446114369816e-05
cred,inf,3.0,2.0,hard,0.1,0.007051814402639862,5.275011062066959e-08,1.4421760510017201e-05
cred,inf,3.0,2.0,hard,0.3,0.015019561920066678,0.00023019295930862827,0.0012350646131380927
cred,inf,3.0,2.0,hard,0.5,0.017106498025854427,0.0007500910758972168,0.002223975669185165
cred,inf,3.0,2.0,hard,0.7,0.015771757594744355,0.0003683799505233587,0.001550921235975693
cred,inf,3.0,2.0,hard,0.9,0.007373296433687233,1.6450881960228258e-07,1.7115698340965934e-05
cred,inf,3.0,2.0,hard_amnesic,0.1,0.007051814402639862,5.275011062066959e-08,1.4421760510017201e-05
cred,inf,3.0,2.0,hard_amnesic,0.3,0.015019561920066678,0.00023019295930862827,0.0012350646131380927
cred,inf,3.0,2.0,hard_amnesic,0.5,0.017106498025854427,0.0007500910758972168,0.002223975669185165
cred,inf,3.0,2.0,hard_amnesic,0.7,0.015771757594744355,0.0003683799505233587,0.001550921235975693
cred,inf,3.0,2.0,hard_amnesic,0.9,0.007373296433687233,1.6450881960228258e-07,1.7115698340965934e-05
cred,inf,3.0,2.0,soft,0.1,0.007051814402639862,5.275011062066959e-08,1.4421760510017201e-05
cred,inf,3.0,2.0,soft,0.3,0.015019561920066678,0.00023019295930862827,0.0012350646131380927
cred,inf,3.0,2.0,soft,0.5,0.017106498025854427,0.0007500910758972168,0.002223975669185165
cred,inf,3.0,2.0,soft,0.7,0.015771757594744355,0.0003683799505233587,0.001550921235975693
cred,inf,3.0,2.0,soft,0.9,0.007373296433687233,1.6450881960228258e-07,1.7115698340965934e-05
cred,inf,3.0,3.5,hard,0.1,0.007051814402639862,5.275011062066959e-08,1.4421760510017201e-05
cred,inf,3.0,3.5,hard,0.3,0.015019561920066678,0.00023019295930862827,0.0012350646131380927
cred,inf,3.0,3.5,hard,0.5,0.017106498025854427,0.0007500910758972168,0.002223975669185165
cred,inf,3.0,3.5,hard,0.7,0.015771757594744355,0.0003683799505233587,0.001550921235975693
cred,inf,3.0,3.5,hard,0.9,0.007373296433687233,1.6450881960228258e-07,1.7115698340965934e-05
cred,inf,3.0,3.5,hard_amnesic,0.1,0.007051814402639862,5.275011062066959e-08,1.4421760510017201e-05
cred,inf,3.0,3.5,hard_amnesic,0.3,0.015019561920066678,0.00023019295930862827,0.0012350646131380927
cred,inf,3.0,3.5,hard_amnesic,0.5,0.017106498025854427,0.0007500910758972168,0.002223975669185165
cred,inf,3.0,3.5,hard_amnesic,0.7,0.015771757594744355,0.0003683799505233587,0.001550921235975693
cred,inf,3.0,3.5,hard_amnesic,0.9,0.007373296433687233,1.6450881960228258e-07,1.7115698340965934e-05
cred,inf,3.0,3.5,soft,0.1,0.007051814402639862,5.275011062066959e-08,1.4421760510017201e-05
cred,inf,3.0,3.5,soft,0.3,0.015019561920066678,0.00023019295930862827,0.0012350646131380927
cred,inf,3.0,3.5,soft,0.5,0.017106498025854427,0.0007500910758972168,0.002223975669185165
cred,inf,3.0,3.5,soft,0.7,0.015771757594744355,0.0003683799505233587,0.001550921235975693
cred,inf,3.0,3.5,soft,0.9,0.007373296433687233,1.6450881960228258e-07,1.7115698340965934e-05
cred,inf,5.0,2.0,hard,0.1,0.00672095474004745,5.789101123254703e-08,1.525515023290791e-05
cred,inf,5.0,2.0,hard,0.3,0.015025385517378649,4.73018884658849e-05,0.0009009465896815527
cred,inf,5.0,2.0,hard,0.5,0.01606019653181235,0.0001929256319999695,0.0016225077313720248
cred,inf,5.0,2.0,hard,0.7,0.015802853932380668,0.0012072799205779816,0.0015940494552341988
cred,inf,5.0,2.0,hard,0.9,0.006752742119630201,2.562999727562243e-08,4.38292580025923e-06
cred,inf,5.0,2.0,hard_amnesic,0.1,0.00672095474004745,5.789101123254703e-08,1.525515023290791e-05
cred,inf,5.0,2.0,hard_amnesic,0.3,0.015025385517378649,4.73018884658849e-05,0.0009009465896815527
cred,inf,5.0,2.0,hard_amnesic,0.5,0.01606019653181235,0.0001929256319999695,0.0016225077313720248
cred,inf,5.0,2.0,hard_amnesic,0.7,0.015802853932380668,0.0012072799205779816,0.0015940494552341988
cred,inf,5.0,2.0,hard_amnesic,0.9,0.006752742119630201,2.562999727562243e-08,4.38292580025923e-06
cred,inf,5.0,2.0,soft,0.1,0.00672095474004745,5.789101123254703e-08,1.525515023290791e-05
cred,inf,5.0,2.0,soft,0.3,0.015025385517378649,4.73018884658849e-05,0.0009009465896815527
cred,inf,5.0,2.0,soft,0.5,0.01606019653181235,0.0001929256319999695,0.0016225077313720248
cred,inf,5.0,2.0,soft,0.7,0.015802853932380668,0.0012072799205779816,0.0015940494552341988
cred,inf,5.0,2.0,soft,0.9,0.006752742119630201,2.562999727562243e-08,4.38292580025923e-06
cred,inf,5.0,3.5,hard,0.1,0.00672095474004745,5.789101123254703e-08,1.525515023290791e-05
cred,inf,5.0,3.5,hard,0.3,0.015025385517378649,4.73018884658849e-05,0.0009009465896815527
cred,inf,5.0,3.5,hard,0.5,0.01606019653181235,0.0001929256319999695,0.0016225077313720248
cred,inf,5.0,3.5,hard,0.7,0.015802853932380668,0.0012072799205779816,0.0015940494552341988
cred,inf,5.0,3.5,hard,0.9,0.006752742119630201,2.562999727562243e-08,4.38292580025923e-06
cred,inf,5.0,3.5,hard_amnesic,0.1,0.00672095474004745,5.789101123254703e-08,1.525515023290791e-05
cred,inf,5.0,3.5,hard_amnesic,0.3,0.015025385517378649,4.73018884658849e-05,0.0009009465896815527
cred,inf,5.0,3.5,hard_amnesic,0.5,0.01606019653181235,0.0001929256319999695,0.0016225077313720248
cred,inf,5.0,3.5,hard_amnesic,0.7,0.015802853932380668,0.0012072799205779816,0.0015940494552341988
cred,inf,5.0,3.5,hard_amnesic,0.9,0.006752742119630201,2.562999727562243e-08,4.38292580025923e-06
cred,inf,5.0,3.5,soft,0.1,0.00672095474004745,5.789101123254703e-08,1.525515023290791e-05
cred,inf,5.0,3.5,soft,0.3,0.015025385517378649,4.73018884658849e-05,0.0009009465896815527
cred,inf,5.0,3.5,soft,0.5,0.01606019653181235,0.0001929256319999695,0.0016225077313720248
cred,inf,5.0,3.5,soft,0.7,0.015802853932380668,0.0012072799205779816,0.0015940494552341988
cred,inf,5.0,3.5,soft,0.9,0.006752742119630201,2.562999727562243e-08,4.38292580025923e-06
cred,inf,10.0,2.0,hard,0.1,0.006746201628446575,8.188188075464175e-08,1.4971852516637573e-05
cred,inf,10.0,2.0,hard,0.3,0.012868046434322995,0.0009132378101348915,0.0009408353516664647
cred,inf,10.0,2.0,hard,0.5,0.015504281387726465,0.00032970845699310304,0.0017056577100083815
cred,inf,10.0,2.0,hard,0.7,0.01262838959693908,6.462013721464377e-05,0.0010290021833316131
cred,inf,10.0,2.0,hard,0.9,0.006123172267278058,9.834766390159899e-08,1.0710320340265867e-05
cred,inf,10.0,2.0,hard_amnesic,0.1,0.006746201628446575,8.188188075464175e-08,1.4971852516637573e-05
cred,inf,10.0,2.0,hard_amnesic,0.3,0.012868046434322995,0.0009132378101348915,0.0009408353516664647
cred,inf,10.0,2.0,hard_amnesic,0.5,0.015504281387726465,0.00032970845699310304,0.0017056577100083815
cred,inf,10.0,2.0,hard_amnesic,0.7,0.01262838959693908,6.462013721464377e-05,0.0010290021833316131
cred,inf,10.0,2.0,hard_amnesic,0.9,0.006123172267278058,9.834766390159899e-08,1.0710320340265867e-05
cred,inf,10.0,2.0,soft,0.1,0.006746201628446575,8.188188075464175e-08,1.4971852516637573e-05
cred,inf,10.0,2.0,soft,0.3,0.012868046434322995,0.0009132378101348915,0.0009408353516664647
cred,inf,10.0,2.0,soft,0.5,0.015504281387726465,0.00032970845699310304,0.0017056577100083815
cred,inf,10.0,2.0,soft,0.7,0.01262838959693908,6.462013721464377e-05,0.0010290021833316131
cred,inf,10.0,2.0,soft,0.9,0.006123172267278058,9.834766390159899e-08,1.0710320340265867e-05
cred,inf,10.0,3.5,hard,0.1,0.006746201628446575,8.188188075464175e-08,1.4971852516637573e-05
cred,inf,10.0,3.5,hard,0.3,0.012868046434322995,0.0009132378101348915,0.0009408353516664647
cred,inf,10.0,3.5,hard,0.5,0.015504281387726465,0.00032970845699310304,0.0017056577100083815
cred,inf,10.0,3.5,hard,0.7,0.01262838959693908,6.462013721464377e-05,0.0010290021833316131
cred,inf,10.0,3.5,hard,0.9,0.006123172267278058,9.834766390159899e-08,1.0710320340265867e-05
cred,inf,10.0,3.5,hard_amnesic,0.1,0.006746201628446575,8.188188075464175e-08,1.4971852516637573e-05
cred,inf,10.0,3.5,hard_amnesic,0.3,0.012868046434322995,0.0009132378101348915,0.0009408353516664647
cred,inf,10.0,3.5,hard_amnesic,0.5,0.015504281387726465,0.00032970845699310304,0.0017056577100083815
cred,inf,10.0,3.5,hard_amnesic,0.7,0.01262838959693908,6.462013721464377e-05,0.0010290021833316131
cred,inf,10.0,3.5,hard_amnesic,0.9,0.006123172267278058,9.834766390159899e-08,1.0710320340265867e-05
cred,inf,10.0,3.5,soft,0.1,0.006746201628446575,8.188188075464175e-08,1.4971852516637573e-05
cred,inf,10.0,3.5,soft,0.3,0.012868046434322995,0.0009132378101348915,0.0009408353516664647
cred,inf,10.0,3.5,soft,0.5,0.015504281387726465,0.00032970845699310304,0.0017056577100083815
cred,inf,10.0,3.5,soft,0.7,0.01262838959693908,6.462013721464377e-05,0.0010290021833316131
cred,inf,10.0,3.5,soft,0.9,0.006123172267278058,9.834766390159899e-08,1.0710320340265867e-05
cred,low,1.5,2.0,hard,0.1,0.039822407639523355,0.022126778289675707,0.015360972898910176
cred,low,1.5,2.0,hard,0.3,0.019038290200233454,0.002068591803312294,0.004242951052292483
cred,low,1.5,2.0,hard,0.5,0.06518419904708862,0.042315266728401184,0.02230025233584456
cred,low,1.5,2.0,hard,0.7,0.023417675050497057,0.00025367879867554954,0.002255095697619254
cred,low,1.5,2.0,hard,0.9,0.06926025290886564,0.04354734361171724,0.01487336224710134
cred,low,1.5,2.0,hard_amnesic,0.1,0.039822407639523355,0.022126778289675707,0.015360972898910176
cred,low,1.5,2.0,hard_amnesic,0.3,0.019038290200233454,0.002068591803312294,0.004242951052292483
cred,low,1.5,2.0,hard_amnesic,0.5,0.06518419904708862,0.042315266728401184,0.02230025233584456
cred,low,1.5,2.0,hard_amnesic,0.7,0.023417675050497057,0.00025367879867554954,0.002255095697619254
cred,low,1.5,2.0,hard_amnesic,0.9,0.06926025290886564,0.04354734361171724,0.01487336224710134
cred,low,1.5,2.0,soft,0.1,0.039822407639523355,0.022126778289675707,0.015360972898910176
cred,low,1.5,2.0,soft,0.3,0.019038290200233454,0.002068591803312294,0.004242951052292483
cred,low,1.5,2.0,soft,0.5,0.06518419904708862,0.042315266728401184,0.02230025233584456
cred,low,1.5,2.0,soft,0.7,0.023417675050497057,0.00025367879867554954,0.002255095697619254
cred,low,1.5,2.0,soft,0.9,0.06926025290886564,0.04354734361171724,0.01487336224710134
cred,low,1.5,3.5,hard,0.1,0.039822407639523355,0.022126778289675707,0.015360972898910176
cred,low,1.5,3.5,hard,0.3,0.019038290200233454,0.002068591803312294,0.004242951052292483
cred,low,1.5,3.5,hard,0.5,0.06518419904708862,0.042315266728401184,0.02230025233584456
cred,low,1.5,3.5,hard,0.7,0.023417675050497057,0.00025367879867554954,0.002255095697619254
cred,low,1.5,3.5,hard,0.9,0.06926025290886564,0.04354734361171724,0.01487336224710134
cred,low,1.5,3.5,hard_amnesic,0.1,0.039822407639523355,0.022126778289675707,0.015360972898910176
cred,low,1.5,3.5,hard_amnesic,0.3,0.019038290200233454,0.002068591803312294,0.004242951052292483
cred,low,1.5,3.5,hard_amnesic,0.5,0.06518419904708862,0.042315266728401184,0.02230025233584456
cred,low,1.5,3.5,hard_amnesic,0.7,0.023417675050497057,0.00025367879867554954,0.002255095697619254
cred,low,1.5,3.5,hard_amnesic,0.9,0.06926025290886564,0.04354734361171724,0.01487336224710134
cred,low,1.5,3.5,soft,0.1,0.039822407639523355,0.022126778289675707,0.015360972898910176
cred,low,1.5,3.5,soft,0.3,0.019038290200233454,0.002068591803312294,0.004242951052292483
cred,low,1.5,3.5,soft,0.5,0.06518419904708862,0.042315266728401184,0.02230025233584456
cred,low,1.5,3.5,soft,0.7,0.023417675050497057,0.00025367879867554954,0.002255095697619254
cred,low,1.5,3.5,soft,0.9,0.06926025290886564,0.04354734361171724,0.01487336224710134
cred,low,3.0,2.0,hard,0.1,0.07485893835326038,0.07602956093847751,0.017450624253274327
cred,low,3.0,2.0,hard,0.3,0.019089698791305218,0.003599422603845587,0.007728653697013215
cred,low,3.0,2.0,hard,0.5,0.09985579647421837,0.07144730895757676,0.018662659500259905
cred,low,3.0,2.0,hard,0.7,0.03192742081185182,0.0020067808628082416,0.0036864097922443763
cred,low,3.0,2.0,hard,0.9,0.1140573146303495,0.09516417503356936,0.004590505457285871
cred,low,3.0,2.0,hard_amnesic,0.1,0.07485893835326038,0.07602956093847751,0.017450624253274327
cred,low,3.0,2.0,hard_amnesic,0.3,0.019089698791305218,0.003599422603845587,0.007728653697013215
cred,low,3.0,2.0,hard_amnesic,0.5,0.09985579647421837,0.07144730895757676,0.018662659500259905
cred,low,3.0,2.0,hard_amnesic,0.7,0.03192742081185182,0.0020067808628082416,0.0036864097922443763
cred,low,3.0,2.0,hard_amnesic,0.9,0.1140573146303495,0.09516417503356936,0.004590505457285871
cred,low,3.0,2.0,soft,0.1,0.07485893835326038,0.07602956093847751,0.017450624253274327
cred,low,3.0,2.0,soft,0.3,0.019089698791305218,0.003599422603845587,0.007728653697013215
cred,low,3.0,2.0,soft,0.5,0.09985579647421837,0.07144730895757676,0.018662659500259905
cred,low,3.0,2.0,soft,0.7,0.03192742081185182,0.0020067808628082416,0.0036864097922443763
cred,low,3.0,2.0,soft,0.9,0.1140573146303495,0.09516417503356936,0.004590505457285871
cred,low,3.0,3.5,hard,0.1,0.07485893835326038,0.07602956093847751,0.017450624253274327
cred,low,3.0,3.5,hard,0.3,0.019089698791305218,0.003599422603845587,0.007728653697013215
cred,low,3.0,3.5,hard,0.5,0.09985579647421837,0.07144730895757676,0.018662659500259905
cred,low,3.0,3.5,hard,0.7,0.03192742081185182,0.0020067808628082416,0.0036864097922443763
cred,low,3.0,3.5,hard,0.9,0.1140573146303495,0.09516417503356936,0.004590505457285871
cred,low,3.0,3.5,hard_amnesic,0.1,0.07485893835326038,0.07602956093847751,0.017450624253274327
cred,low,3.0,3.5,hard_amnesic,0.3,0.019089698791305218,0.003599422603845587,0.007728653697013215
cred,low,3.0,3.5,hard_amnesic,0.5,0.09985579647421837,0.07144730895757676,0.018662659500259905
cred,low,3.0,3.5,hard_amnesic,0.7,0.03192742081185182,0.0020067808628082416,0.0036864097922443763
cred,low,3.0,3.5,hard_amnesic,0.9,0.1140573146303495,0.09516417503356936,0.004590505457285871
cred,low,3.0,3.5,soft,0.1,0.07485893835326038,0.07602956093847751,0.017450624253274327
cred,low,3.0,3.5,soft,0.3,0.019089698791305218,0.003599422603845587,0.007728653697013215
cred,low,3.0,3.5,soft,0.5,0.09985579647421837,0.07144730895757676,0.018662659500259905
cred,low,3.0,3.5,soft,0.7,0.03192742081185182,0.0020067808628082416,0.0036864097922443763
cred,low,3.0,3.5,soft,0.9,0.1140573146303495,0.09516417503356936,0.004590505457285871
cred,low,5.0,2.0,hard,0.1,0.08272894834478699,0.09240009807050228,0.008859804088137935
cred,low,5.0,2.0,hard,0.3,0.019511002290646225,0.0056679529249668015,0.007700878215728153
cred,low,5.0,2.0,hard,0.5,0.1240965332686901,0.09984583169221878,0.01480447168869432
cred,low,5.0,2.0,hard,0.7,0.04287831298708915,0.0027900135517120407,0.0026258278161185446
cred,low,5.0,2.0,hard,0.9,0.12635336313843729,0.0999947088956833,0.00020009569760077284
cred,low,5.0,2.0,hard_amnesic,0.1,0.08272894834478699,0.09240009807050228,0.008859804088137935
cred,low,5.0,2.0,hard_amnesic,0.3,0.019511002290646225,0.0056679529249668015,0.007700878215728153
cred,low,5.0,2.0,hard_amnesic,0.5,0.1240965332686901,0.09984583169221878,0.01480447168869432
cred,low,5.0,2.0,hard_amnesic,0.7,0.04287831298708915,0.0027900135517120407,0.0026258278161185446
cred,low,5.0,2.0,hard_amnesic,0.9,0.12635336313843729,0.0999947088956833,0.00020009569760077284
cred,low,5.0,2.0,soft,0.1,0.08272894834478699,0.09240009807050228,0.008859804088137935
cred,low,5.0,2.0,soft,0.3,0.019511002290646225,0.0056679529249668015,0.007700878215728153
cred,low,5.0,2.0,soft,0.5,0.1240965332686901,0.09984583169221878,0.01480447168869432
cred,low,5.0,2.0,soft,0.7,0.04287831298708915,0.0027900135517120407,0.0026258278161185446
cred,low,5.0,2.0,soft,0.9,0.12635336313843729,0.0999947088956833,0.00020009569760077284
cred,low,5.0,3.5,hard,0.1,0.08272894834478699,0.09240009807050228,0.008859804088137935
cred,low,5.0,3.5,hard,0.3,0.019511002290646225,0.0056679529249668015,0.007700878215728153
cred,low,5.0,3.5,hard,0.5,0.1240965332686901,0.09984583169221878,0.01480447168869432
cred,low,5.0,3.5,hard,0.7,0.04287831298708915,0.0027900135517120407,0.0026258278161185446
cred,low,5.0,3.5,hard,0.9,0.12635336313843729,0.0999947088956833,0.00020009569760077284
cred,low,5.0,3.5,hard_amnesic,0.1,0.08272894834478699,0.09240009807050228,0.008859804088137935
cred,low,5.0,3.5,hard_amnesic,0.3,0.019511002290646225,0.0056679529249668015,0.007700878215728153
cred,low,5.0,3.5,hard_amnesic,0.5,0.1240965332686901,0.09984583169221878,0.01480447168869432
cred,low,5.0,3.5,hard_amnesic,0.7,0.04287831298708915,0.0027900135517120407,0.0026258278161185446
cred,low,5.0,3.5,hard_amnesic,0.9,0.12635336313843729,0.0999947088956833,0.00020009569760077284
cred,low,5.0,3.5,soft,0.1,0.08272894834478699,0.09240009807050228,0.008859804088137935
cred,low,5.0,3.5,soft,0.3,0.019511002290646225,0.0056679529249668015,0.007700878215728153
cred,low,5.0,3.5,soft,0.5,0.1240965332686901,0.09984583169221878,0.01480447168869432
cred,low,5.0,3.5,soft,0.7,0.04287831298708915,0.0027900135517120407,0.0026258278161185446
cred,low,5.0,3.5,soft,0.9,0.12635336313843729,0.0999947088956833,0.00020009569760077284
cred,low,10.0,2.0,hard,0.1,0.08185995163967213,0.09450101405382157,0.005805911409565851
cred,low,10.0,2.0,hard,0.3,0.023525609121620647,0.005515825450420369,0.009465878428345604
cred,low,10.0,2.0,hard,0.5,0.16606727995673815,0.1462425497174263,0.01634685655531939
cred,low,10.0,2.0,hard,0.7,0.11185972581148144,0.027081046402454345,0.010606368171684153
cred,low,10.0,2.0,hard,0.9,0.15318574008146923,0.10108587205410005,0.0010183983164097298
cred,low,10.0,2.0,hard_amnesic,0.1,0.08185995163967213,0.09450101405382157,0.005805911409565851
cred,low,10.0,2.0,hard_amnesic,0.3,0.023525609121620647,0.005515825450420369,0.009465878428345604
cred,low,10.0,2.0,hard_amnesic,0.5,0.16606727995673815,0.1462425497174263,0.01634685655531939
cred,low,10.0,2.0,hard_amnesic,0.7,0.11185972581148144,0.027081046402454345,0.010606368171684153
cred,low,10.0,2.0,hard_amnesic,0.9,0.15318574008146923,0.10108587205410005,0.0010183983164097298
cred,low,10.0,2.0,soft,0.1,0.08185995163967213,0.09450101405382157,0.005805911409565851
cred,low,10.0,2.0,soft,0.3,0.023525609121620647,0.005515825450420369,0.009465878428345604
cred,low,10.0,2.0,soft,0.5,0.16606727995673815,0.1462425497174263,0.01634685655531939
cred,low,10.0,2.0,soft,0.7,0.11185972581148144,0.027081046402454345,0.010606368171684153
cred,low,10.0,2.0,soft,0.9,0.15318574008146923,0.10108587205410005,0.0010183983164097298
cred,low,10.0,3.5,hard,0.1,0.08185995163967213,0.09450101405382157,0.005805911409565851
cred,low,10.0,3.5,hard,0.3,0.023525609121620647,0.005515825450420369,0.009465878428345604
cred,low,10.0,3.5,hard,0.5,0.16606727995673815,0.1462425497174263,0.01634685655531939
cred,low,10.0,3.5,hard,0.7,0.11185972581148144,0.027081046402454345,0.010606368171684153
cred,low,10.0,3.5,hard,0.9,0.15318574008146923,0.10108587205410005,0.0010183983164097298
cred,low,10.0,3.5,hard_amnesic,0.1,0.08185995163967213,0.09450101405382157,0.005805911409565851
cred,low,10.0,3.5,hard_amnesic,0.3,0.023525609121620647,0.005515825450420369,0.009465878428345604
cred,low,10.0,3.5,hard_amnesic,0.5,0.16606727995673815,0.1462425497174263,0.01634685655531939
cred,low,10.0,3.5,hard_amnesic,0.7,0.11185972581148144,0.027081046402454345,0.010606368171684153
cred,low,10.0,3.5,hard_amnesic,0.9,0.15318574008146923,0.10108587205410005,0.0010183983164097298
cred,low,10.0,3.5,soft,0.1,0.08185995163967213,0.09450101405382157,0.005805911409565851
cred,low,10.0,3.5,soft,0.3,0.023525609121620647,0.005515825450420369,0.009465878428345604
cred,low,10.0,3.5,soft,0.5,0.16606727995673815,0.1462425497174263,0.01634685655531939
cred,low,10.0,3.5,soft,0.7,0.11185972581148144,0.027081046402454345,0.010606368171684153
cred,low,10.0,3.5,soft,0.9,0.15318574008146923,0.10108587205410005,0.0010183983164097298
switch,high,1.5,2.0,hard,0.1,0.02726969500879447,0.0011527432501316015,0.003045369613963089
switch,high,1.5,2.0,hard,0.3,0.03539224814792474,0.012182299971580511,0.01980408651987091
switch,high,1.5,2.0,hard,0.5,0.04272272942662239,0.015492185056209563,0.023639025976881386
switch,high,1.5,2.0,hard,0.7,0.02766362672368685,0.009454779267311086,0.015042726760730147
switch,high,1.5,2.0,hard,0.9,0.014866624871889772,8.383989334108666e-05,0.0008408842670447569
switch,high,1.5,2.0,hard_amnesic,0.1,0.03672609425683816,0.0019068197906017248,0.004795999970561979
switch,high,1.5,2.0,hard_amnesic,0.3,0.04041851717015108,0.021089492529630664,0.02618114820914343
switch,high,1.5,2.0,hard_amnesic,0.5,0.04751676186621189,0.017395098209381104,0.027247704081237317
switch,high,1.5,2.0,hard_amnesic,0.7,0.035588172719875966,0.017110830903053275,0.025945890122093262
switch,high,1.5,2.0,hard_amnesic,0.9,0.028079796210924806,0.0002856200933456643,0.002381209817387813
switch,high,1.5,2.0,soft,0.1,0.04160646835217873,0.007250592783093447,0.00609041940736688
switch,high,1.5,2.0,soft,0.3,0.03274969418426355,0.009771263957023624,0.01575092768500326
switch,high,1.5,2.0,soft,0.5,0.04968503045241038,0.021056760847568513,0.02463311021216214
switch,high,1.5,2.0,soft,0.7,0.02292022236069044,0.007532958865165708,0.010843270605691941
switch,high,1.5,2.0,soft,0.9,0.021296136351426465,0.002452145814895652,0.0026411404606341195
switch,high,1.5,3.5,hard,0.1,0.04555141958942016,0.005826447606086725,0.0037323751910372494
switch,high,1.5,3.5,hard,0.3,0.028155998509327575,0.009890701055526736,0.01509181104513118
switch,high,1.5,3.5,hard,0.5,0.05033853791554769,0.015496135652065278,0.0235855885327328
switch,high,1.5,3.5,hard,0.7,0.02105821212808292,0.007172384738922122,0.01091470123421459
switch,high,1.5,3.5,hard,0.9,0.02282995595932009,0.001078910827636741,0.0008985773291620802
switch,high,1.5,3.5,hard_amnesic,0.1,0.05879243876834711,0.010310396924614901,0.01228569621387578
switch,high,1.5,3.5,hard_amnesic,0.3,0.035374094875653586,0.018708697140216824,0.026568570746167097
switch,high,1.5,3.5,hard_amnesic,0.5,0.06162097674806913,0.028044928312301636,0.04048858258523978
switch,high,1.5,3.5,hard_amnesic,0.7,0.027296273488203692,0.022310146331787115,0.03143423618435918
switch,high,1.5,3.5,hard_amnesic,0.9,0.03685732710758847,0.008623348474502586,0.010680097777737955
switch,high,1.5,3.5,soft,0.1,0.059626847153405355,0.020142963305115696,0.01121148841685681
switch,high,1.5,3.5,soft,0.3,0.024419422973593074,0.004273674607276917,0.006971027726249304
switch,high,1.5,3.5,soft,0.5,0.06007247892022133,0.031160508692264558,0.02218068482587114
switch,high,1.5,3.5,soft,0.7,0.01793651447653772,0.0032462118864059653,0.005485633002172108
switch,high,1.5,3.5,soft,0.9,0.028681520104408286,0.005712352991104148,0.00547639373376228
switch,high,3.0,2.0,hard,0.1,0.0339309502268831,0.0021106052398681585,0.006356071900322604
switch,high,3.0,2.0,hard,0.3,0.045137767531971136,0.01077660003304482,0.019118581402581186
switch,high,3.0,2.0,hard,0.5,0.042919907786448795,0.01112919807434082,0.024186332607641817
switch,high,3.0,2.0,hard,0.7,0.02906743254860243,0.011791050314903266,0.019743863688199782
switch,high,3.0,2.0,hard,0.9,0.013954212423165661,5.6076645851157456e-05,0.0009765731994136218
switch,high,3.0,2.0,hard_amnesic,0.1,0.040543398663898306,0.003346256688237185,0.00805453445517628
switch,high,3.0,2.0,hard_amnesic,0.3,0.04507768800675869,0.011589778542518619,0.021824760308954864
switch,high,3.0,2.0,hard_amnesic,0.5,0.046720828233162565,0.012941243946552277,0.02554727317299694
switch,high,3.0,2.0,hard_amnesic,0.7,0.03382119910597802,0.018754311084747316,0.026077596686664036
switch,high,3.0,2.0,hard_amnesic,0.9,0.023464277464151407,0.00024247944355013207,0.001758535334402893
switch,high,3.0,2.0,soft,0.1,0.051351561191181345,0.0111895540356636,0.010338753008084041
switch,high,3.0,2.0,soft,0.3,0.04425115917623043,0.011333244770765307,0.01749454338103533
switch,high,3.0,2.0,soft,0.5,0.0574180909315745,0.019133778214454653,0.023189522636821492
switch,high,3.0,2.0,soft,0.7,0.023730694665908828,0.00969166159629823,0.016284361878642812
switch,high,3.0,2.0,soft,0.9,0.022230538556973163,0.00043641626834871604,0.0026704950043141195
switch,high,3.0,3.5,hard,0.1,0.038616795927286146,0.0021106052398681585,0.006356071900322604
switch,high,3.0,3.5,hard,0.3,0.04246168820083142,0.01030949863791466,0.018103732297749957
switch,high,3.0,3.5,hard,0.5,0.04633766325910886,0.01112919807434082,0.024186332607641817
switch,high,3.0,3.5,hard,0.7,0.024199847802718503,0.010174187302589432,0.016427668546712085
switch,high,3.0,3.5,hard,0.9,0.017477844957510653,5.6076645851157456e-05,0.0009765731994136218
switch,high,3.0,3.5,hard_amnesic,0.1,0.052719318202634646,0.005525609850883478,0.010135490894499525
switch,high,3.0,3.5,hard_amnesic,0.3,0.04339248106638591,0.011880671292543412,0.021053540179127594
switch,high,3.0,3.5,hard_amnesic,0.5,0.053234421662489574,0.015232024490833282,0.027213784465566278
switch,high,3.0,3.5,hard_amnesic,0.7,0.02732701262871427,0.019477756142616293,0.026545166037431046
switch,high,3.0,3.5,hard_amnesic,0.9,0.030887003521124546,0.0005033159255981667,0.00282697128896757
switch,high,3.0,3.5,soft,0.1,0.07184856595546008,0.02847934797406196,0.013144642158131319
switch,high,3.0,3.5,soft,0.3,0.04260313330153624,0.01129505851864815,0.01490806212023017
switch,high,3.0,3.5,soft,0.5,0.0683219513932864,0.028332592248916627,0.022783137484220787
switch,high,3.0,3.5,soft,0.7,0.019448505273262688,0.005581827640533476,0.010799636702322458
switch,high,3.0,3.5,soft,0.9,0.03194654696782432,0.004986951351165793,0.006260886553077114
switch,high,5.0,2.0,hard,0.1,0.04033892515500387,0.002849536687135691,0.005165066465703489
switch,high,5.0,2.0,hard,0.3,0.052159303588668514,0.010028957962989813,0.020024851211346686
switch,high,5.0,2.0,hard,0.5,0.04193432203332583,0.012310696840286255,0.02334235142916441
switch,high,5.0,2.0,hard,0.7,0.03349688735723496,0.012465362071990964,0.019348591517191382
switch,high,5.0,2.0,hard,0.9,0.01181480092207593,0.0005467122793197854,0.0013085446233286292
switch,high,5.0,2.0,hard_amnesic,0.1,0.04331229855020841,0.0032004163414239826,0.0055579528968473825
switch,high,5.0,2.0,hard_amnesic,0.3,0.052874410663644476,0.010564816713333137,0.020649368739686907
switch,high,5.0,2.0,hard_amnesic,0.5,0.04566016569336256,0.01313373178243637,0.024855623710900544
switch,high,5.0,2.0,hard_amnesic,0.7,0.03672993270715078,0.015870681166648862,0.02337546299211681
switch,high,5.0,2.0,hard_amnesic,0.9,0.018250707699855193,0.0005519288778305276,0.001515453015760073
switch,high,5.0,2.0,soft,0.1,0.04711459788779417,0.004660848230123514,0.006046648852922658
switch,high,5.0,2.0,soft,0.3,0.05852462327400843,0.014104778230190282,0.020640749528538435
switch,high,5.0,2.0,soft,0.5,0.0538599243581295,0.021801944077014922,0.025603454811498522
switch,high,5.0,2.0,soft,0.7,0.03185989623467129,0.013617683291435246,0.017947091190726495
switch,high,5.0,2.0,soft,0.9,0.014327271139621758,0.000620124936103843,0.0015104915150102726
switch,high,5.0,3.5,hard,0.1,0.040461848115921024,0.002849536687135691,0.005165066465703489
switch,high,5.0,3.5,hard,0.3,0.05216768535037836,0.010028957962989813,0.020024851211346686
switch,high,5.0,3.5,hard,0.5,0.04304675820867221,0.012310696840286255,0.02334235142916441
switch,high,5.0,3.5,hard,0.7,0.03246770325581234,0.012395266890525818,0.018935006078099833
switch,high,5.0,3.5,hard,0.9,0.012365652755896272,0.0005467122793197854,0.0013085446233286292
switch,high,5.0,3.5,hard_amnesic,0.1,0.04399996077368657,0.0032191129028797095,0.0055009041642870215
switch,high,5.0,3.5,hard_amnesic,0.3,0.05305430503149828,0.010872591316699988,0.021861552894115448
switch,high,5.0,3.5,hard_amnesic,0.5,0.047505630089839296,0.012822094559669494,0.024744984842836857
switch,high,5.0,3.5,hard_amnesic,0.7,0.03572722417831422,0.020887836694717405,0.026203338081249968
switch,high,5.0,3.5,hard_amnesic,0.9,0.02107733883261683,0.0006161469221115334,0.001708309180919585
switch,high,5.0,3.5,soft,0.1,0.048975002531707286,0.007384486496448512,0.005292070452985059
switch,high,5.0,3.5,soft,0.3,0.06023630947411061,0.015963195681571965,0.019784936673531775
switch,high,5.0,3.5,soft,0.5,0.05714281642039617,0.025125108659267426,0.02561763351317495
switch,high,5.0,3.5,soft,0.7,0.02899955202182135,0.01134067451953889,0.015364989305526251
switch,high,5.0,3.5,soft,0.9,0.017866828910509766,0.0008820396661758645,0.0018656388325437234
switch,high,10.0,2.0,hard,0.1,0.04537914233406384,0.0002635584026575033,0.0021588920893509567
switch,high,10.0,2.0,hard,0.3,0.04906233884712061,0.008587041437625887,0.014973378801951185
switch,high,10.0,2.0,hard,0.5,0.03411318293809891,0.012061176598072052,0.02246800534427166
switch,high,10.0,2.0,hard,0.7,0.028832252364953362,0.008009998321533205,0.016432699225842954
switch,high,10.0,2.0,hard,0.9,0.01340178830623629,0.0011081206798553688,0.002824531143064064
switch,high,10.0,2.0,hard_amnesic,0.1,0.04725129482646783,0.00034910760819911404,0.0024499470688488147
switch,high,10.0,2.0,hard_amnesic,0.3,0.052855208253264424,0.009181625753641131,0.016056496910750867
switch,high,10.0,2.0,hard_amnesic,0.5,0.04143237060308456,0.01612338125705719,0.024816472693346442
switch,high,10.0,2.0,hard_amnesic,0.7,0.038032269821564366,0.017717664003372203,0.02451023250585422
switch,high,10.0,2.0,hard_amnesic,0.9,0.018111106695731502,0.001369440555572532,0.00308094725032106
switch,high,10.0,2.0,soft,0.1,0.05111599005262057,0.0003808032721280996,0.002551471975361892
switch,high,10.0,2.0,soft,0.3,0.058558446502685546,0.009880013763904575,0.016140357992844655
switch,high,10.0,2.0,soft,0.5,0.050297590265671405,0.018178748190402983,0.02466999757103622
switch,high,10.0,2.0,soft,0.7,0.03801876779278121,0.01735243523120882,0.022918766553048045
switch,high,10.0,2.0,soft,0.9,0.014518528072039308,0.001405962109565757,0.0032773206169402157
switch,high,10.0,3.5,hard,0.1,0.04536504534085592,0.0002635584026575033,0.0021588920893509567
switch,high,10.0,3.5,hard,0.3,0.04919574878831704,0.008587041437625887,0.014973378801951185
switch,high,10.0,3.5,hard,0.5,0.03462550069491069,0.012061176598072052,0.02246800534427166
switch,high,10.0,3.5,hard,0.7,0.02880109536012014,0.008009998321533205,0.016432699225842954
switch,high,10.0,3.5,hard,0.9,0.013324780174096447,0.0011081206798553688,0.002824531143064064
switch,high,10.0,3.5,hard_amnesic,0.1,0.047277518183489645,0.0003498362004756872,0.0024670076888605764
switch,high,10.0,3.5,hard_amnesic,0.3,0.05379726026256879,0.009681538492441182,0.016469254393596203
switch,high,10.0,3.5,hard_amnesic,0.5,0.04194346683422724,0.016323962807655336,0.025157817346043884
switch,high,10.0,3.5,hard_amnesic,0.7,0.0402297495587667,0.018993863224983226,0.025805169134400785
switch,high,10.0,3.5,hard_amnesic,0.9,0.0190765154997508,0.0013289260864258034,0.0030029749272242156
switch,high,10.0,3.5,soft,0.1,0.051217220479249946,0.0003822308033704702,0.00257900499409061
switch,high,10.0,3.5,soft,0.3,0.06216656290213267,0.011691382467746737,0.017200992355355993
switch,high,10.0,3.5,soft,0.5,0.05634441784421603,0.02278770476579666,0.024765757843852043
switch,high,10.0,3.5,soft,0.7,0.0370809398965041,0.017531344056129473,0.022154685566201805
switch,high,10.0,3.5,soft,0.9,0.015118145207564057,0.00151819705963137,0.0034764710407715425
switch,inf,1.5,2.0,hard,0.1,0.008568562276661392,1.4416873454992097e-06,0.00010480758663762524
switch,inf,1.5,2.0,hard,0.3,0.019109418243964515,0.001143941640853885,0.0035973014094270186
switch,inf,1.5,2.0,hard,0.5,0.02515025109052658,0.004660041332244873,0.008984622442512772
switch,inf,1.5,2.0,hard,0.7,0.021177459334929774,0.0018354797363281073,0.004237944273118046
switch,inf,1.5,2.0,hard,0.9,0.007246043753623985,6.496906282738024e-08,2.341064858169872e-05
switch,inf,1.5,2.0,hard_amnesic,0.1,0.009616601325571534,5.913846194743555e-05,0.00043402573225703956
switch,inf,1.5,2.0,hard_amnesic,0.3,0.019973620715141298,0.001772957324981692,0.004021182846554438
switch,inf,1.5,2.0,hard_amnesic,0.5,0.025907248304287592,0.0047808074951171875,0.009214358378667385
switch,inf,1.5,2.0,hard_amnesic,0.7,0.023143089932203282,0.002290423035621627,0.005917133718758123
switch,inf,1.5,2.0,hard_amnesic,0.9,0.008360830607016903,4.850089550020531e-05,0.0003191230836867298
switch,inf,1.5,2.0,soft,0.1,0.00882080426762501,1.5108287334386628e-06,0.00010687178350229809
switch,inf,1.5,2.0,soft,0.3,0.018373478214740755,0.0010456358790397668,0.0034158715402372764
switch,inf,1.5,2.0,soft,0.5,0.025331508880853653,0.004698568284511566,0.009059443678124808
switch,inf,1.5,2.0,soft,0.7,0.020453355399370182,0.0015212665796279757,0.0037325595762376907
switch,inf,1.5,2.0,soft,0.9,0.007379484685262066,6.854534151390368e-08,2.4277677890989224e-05
switch,inf,1.5,3.5,hard,0.1,0.008876875698566433,1.4492124319021027e-06,0.00010503129901652253
switch,inf,1.5,3.5,hard,0.3,0.01815911592503389,0.0010500576496124292,0.0033591651919778085
switch,inf,1.5,3.5,hard,0.5,0.025600767465432484,0.004698982834815979,0.00905180175032001
switch,inf,1.5,3.5,hard,0.7,0.019716879729429874,0.0012253330945968476,0.003353724403459637
switch,inf,1.5,3.5,hard,0.9,0.007393279518683774,6.496906282738024e-08,2.341446114369816e-05
switch,inf,1.5,3.5,hard_amnesic,0.1,0.008876875698566433,1.4492124319021027e-06,0.00010503129901652253
switch,inf,1.5,3.5,hard_amnesic,0.3,0.01815911592503389,0.0010500576496124292,0.0033591651919778085
switch,inf,1.5,3.5,hard_amnesic,0.5,0.025600767465432484,0.004698982834815979,0.00905180175032001
switch,inf,1.5,3.5,hard_amnesic,0.7,0.01969067143003145,0.0012253301143646089,0.0033530133829117402
switch,inf,1.5,3.5,hard_amnesic,0.9,0.007393279518683774,6.496906282738024e-08,2.341446114369816e-05
switch,inf,1.5,3.5,soft,0.1,0.008876875698566433,1.4492124319021027e-06,0.00010503129901652253
switch,inf,1.5,3.5,soft,0.3,0.01815911592503389,0.0010500576496124292,0.0033591651919778085
switch,inf,1.5,3.5,soft,0.5,0.025600767465432484,0.004698982834815979,0.00905180175032001
switch,inf,1.5,3.5,soft,0.7,0.01975914570490518,0.0012253324985504,0.0033533777491902583
switch,inf,1.5,3.5,soft,0.9,0.007393279518683774,6.496906282738024e-08,2.341446114369816e-05
switch,inf,3.0,2.0,hard,0.1,0.006951612621545787,5.275011062066959e-08,1.4421759964213798e-05
switch,inf,3.0,2.0,hard,0.3,0.015368965676923595,0.0002701396942138712,0.0014303688217842136
switch,inf,3.0,2.0,hard,0.5,0.01705787402490775,0.0007500910758972168,0.002223975669185165
switch,inf,3.0,2.0,hard,0.7,0.016357584997018167,0.000368420481681806,0.0015557504830212565
switch,inf,3.0,2.0,hard,0.9,0.007224683115879717,1.6450881960228258e-07,1.7115698459200244e-05
switch,inf,3.0,2.0,hard_amnesic,0.1,0.008682561203837392,0.0003737436234950964,0.0008568131299163772
switch,inf,3.0,2.0,hard_amnesic,0.3,0.016424271859526635,0.0004242581725120587,0.0016903792197263102
switch,inf,3.0,2.0,hard_amnesic,0.5,0.01791793872217337,0.0007892954349517822,0.0024941569817019628
switch,inf,3.0,2.0,hard_amnesic,0.7,0.016704766196012487,0.0008729755878448309,0.0022543383539959903
switch,inf,3.0,2.0,hard_amnesic,0.9,0.009012638678153379,1.209974288962634e-06,6.236263788905738e-05
switch,inf,3.0,2.0,soft,0.1,0.007123941955467061,6.645917891900944e-08,1.5727451293369164e-05
switch,inf,3.0,2.0,soft,0.3,0.015065214600066346,0.00023029041290283602,0.0012440735794007195
switch,inf,3.0,2.0,soft,0.5,0.017019180958469708,0.000749034583568573,0.0022203856613487007
switch,inf,3.0,2.0,soft,0.7,0.015980470799605042,0.0003677022457122625,0.001547507702234725
switch,inf,3.0,2.0,soft,0.9,0.007455507177114509,2.2053718569114976e-07,1.9439420436802023e-05
switch,inf,3.0,3.5,hard,0.1,0.007051814402639862,5.275011062066959e-08,1.4421760510017201e-05
switch,inf,3.0,3.5,hard,0.3,0.015019561920066678,0.00023019295930862827,0.0012350646131380927
switch,inf,3.0,3.5,hard,0.5,0.017106498025854427,0.0007500910758972168,0.002223975669185165
switch,inf,3.0,3.5,hard,0.7,0.015880653014977767,0.00036838054656980647,0.0015510046690906166
switch,inf,3.0,3.5,hard,0.9,0.007373296433687233,1.6450881960228258e-07,1.7115698340965934e-05
switch,inf,3.0,3.5,hard_amnesic,0.1,0.007051814402639862,5.275011062066959e-08,1.4421760510017201e-05
switch,inf,3.0,3.5,hard_amnesic,0.3,0.015019561920066678,0.00023019295930862827,0.0012350646131380927
switch,inf,3.0,3.5,hard_amnesic,0.5,0.017257183679938316,0.0007594683766365051,0.0023384243447799238
switch,inf,3.0,3.5,hard_amnesic,0.7,0.015930150904258086,0.0003683829307555975,0.001552073386410484
switch,inf,3.0,3.5,hard_amnesic,0.9,0.007373296433687233,1.6450881960228258e-07,1.7115698340965934e-05
switch,inf,3.0,3.5,soft,0.1,0.007051814402639862,5.275011062066959e-08,1.4421760510017201e-05
switch,inf,3.0,3.5,soft,0.3,0.015019561920066678,0.00023019295930862827,0.0012350646131380927
switch,inf,3.0,3.5,soft,0.5,0.017106501055757204,0.0007500907778739929,0.0022239331156015396
switch,inf,3.0,3.5,soft,0.7,0.015776443117459606,0.0003683799505233587,0.001550882661358628
switch,inf,3.0,3.5,soft,0.9,0.007373296433687233,1.6450881960228258e-07,1.7115698340965934e-05
switch,inf,5.0,2.0,hard,0.1,0.006719719932476676,5.789101123254703e-08,1.525515023290791e-05
switch,inf,5.0,2.0,hard,0.3,0.015153972382843496,4.7342419624332164e-05,0.0009027291987877106
switch,inf,5.0,2.0,hard,0.5,0.016011119042833647,0.0001929256319999695,0.0016225077313720248
switch,inf,5.0,2.0,hard,0.7,0.016103480256001147,0.0012072805166244295,0.0015940726640110369
switch,inf,5.0,2.0,hard,0.9,0.006730491435527824,2.562999727562243e-08,4.38292580025923e-06
switch,inf,5.0,2.0,hard_amnesic,0.1,0.008343385761976237,0.0007008109241723959,0.0009587850574373424
switch,inf,5.0,2.0,hard_amnesic,0.3,0.016306779045760632,0.001302136123180393,0.0021371935187562484
switch,inf,5.0,2.0,hard_amnesic,0.5,0.017306220502654714,0.000780060887336731,0.0028855453044525346
switch,inf,5.0,2.0,hard_amnesic,0.7,0.01599850613355636,0.001336193323135353,0.002050253073575732
switch,inf,5.0,2.0,hard_amnesic,0.9,0.008090403072039308,0.0008388388156891091,0.0010916532846266325
switch,inf,5.0,2.0,soft,0.1,0.006858398659527297,5.975365638177799e-08,1.5797473019173447e-05
switch,inf,5.0,2.0,soft,0.3,0.015111570983032388,4.79497909545934e-05,0.0009094986310265085
switch,inf,5.0,2.0,soft,0.5,0.016014043538769087,0.00019583433866500854,0.001633407385161263
switch,inf,5.0,2.0,soft,0.7,0.015899510573546084,0.001207121372222879,0.0015901342071083491
switch,inf,5.0,2.0,soft,0.9,0.006817925326029481,2.562999727562243e-08,4.470260434565887e-06
switch,inf,5.0,3.5,hard,0.1,0.006732216325402255,5.789101123254703e-08,1.525515023290791e-05
switch,inf,5.0,3.5,hard,0.3,0.01509153452962637,4.73018884658849e-05,0.0009009720806352562
switch,inf,5.0,3.5,hard,0.5,0.016011384577552478,0.0001929256319999695,0.0016225077313720248
switch,inf,5.0,3.5,hard,0.7,0.015934949030081424,0.0012072805166244295,0.0015940721415245206
switch,inf,5.0,3.5,hard,0.9,0.0067504603107770515,2.562999727562243e-08,4.38292580025923e-06
switch,inf,5.0,3.5,hard_amnesic,0.1,0.006961251664161677,1.539677381514948e-05,0.00013846429119010017
switch,inf,5.0,3.5,hard_amnesic,0.3,0.015063341791729135,4.6796739101413465e-05,0.0008971955282868294
switch,inf,5.0,3.5,hard_amnesic,0.5,0.01609287413060665,0.00019294917583465577,0.0016229624842526392
switch,inf,5.0,3.5,hard_amnesic,0.7,0.01587990522027015,0.0012072489261626984,0.001595222831929277
switch,inf,5.0,3.5,hard_amnesic,0.9,0.0068026324669520286,2.562999727562243e-08,4.424292684044318e-06
switch,inf,5.0,3.5,soft,0.1,0.006815690568089481,5.975365638177799e-08,1.5733719298550718e-05
switch,inf,5.0,3.5,soft,0.3,0.015086243207752705,4.783654212952016e-05,0.0009048468816217792
switch,inf,5.0,3.5,soft,0.5,0.015959945212801297,0.0001929008960723877,0.0016220561980298954
switch,inf,5.0,3.5,soft,0.7,0.015893261193037026,0.0012073282003402497,0.0015947587307164213
switch,inf,5.0,3.5,soft,0.9,0.0067944935242335225,2.562999727562243e-08,4.3917580159291705e-06
switch,inf,10.0,2.0,hard,0.1,0.006781265468895431,8.188188075464175e-08,1.4971852516637573e-05
switch,inf,10.0,2.0,hard,0.3,0.012993959817488989,0.0009132378101348915,0.0009408353516664647
switch,inf,10.0,2.0,hard,0.5,0.01546374704639117,0.00032970845699310304,0.0017056577100083815
switch,inf,10.0,2.0,hard,0.7,0.012688821914196007,6.462013721464377e-05,0.001029002450832195
switch,inf,10.0,2.0,hard,0.9,0.0061464161753654704,9.834766390159899e-08,1.0710320340265867e-05
switch,inf,10.0,2.0,hard_amnesic,0.1,0.007960378303130462,0.0009882137924432698,0.0006018491795942815
switch,inf,10.0,2.0,hard_amnesic,0.3,0.014264110750854016,0.0013964176177978548,0.0017930614979013626
switch,inf,10.0,2.0,hard_amnesic,0.5,0.01628962303797404,0.00020221054553985597,0.0016362951289193006
switch,inf,10.0,2.0,hard_amnesic,0.7,0.013931116770903262,0.0009255788326263259,0.0016071885397650476
switch,inf,10.0,2.0,hard_amnesic,0.9,0.00805136843522392,0.00012381911277773217,0.0003761383661903039
switch,inf,10.0,2.0,soft,0.1,0.006849888835350668,1.0810792445581363e-07,1.6758596620863876e-05
switch,inf,10.0,2.0,soft,0.3,0.012779045005838076,0.0009125422239303627,0.0009332201095276105
switch,inf,10.0,2.0,soft,0.5,0.01564698604345322,0.0003772670030593872,0.0017461996783094947
switch,inf,10.0,2.0,soft,0.7,0.012533764618237806,6.422078609464865e-05,0.0010214571801952844
switch,inf,10.0,2.0,soft,0.9,0.006223932150999727,9.834766390159899e-08,1.0744379801046477e-05
switch,inf,10.0,3.5,hard,0.1,0.006745587713519728,8.188188075464175e-08,1.4971852516637573e-05
switch,inf,10.0,3.5,hard,0.3,0.012918746106028558,0.0009132378101348915,0.0009408353516664647
switch,inf,10.0,3.5,hard,0.5,0.015504058786233265,0.00032970845699310304,0.0017056577100083815
switch,inf,10.0,3.5,hard,0.7,0.01263913398901621,6.462013721464377e-05,0.0010290021833316131
switch,inf,10.0,3.5,hard,0.9,0.006121742188930534,9.834766390159899e-08,1.0710320340265867e-05
switch,inf,10.0,3.5,hard_amnesic,0.1,0.00720804989089568,9.998679160516666e-08,1.6188922118342e-05
switch,inf,10.0,3.5,hard_amnesic,0.3,0.01328788270334403,0.0009216307401657142,0.0009953993014823936
switch,inf,10.0,3.5,hard_amnesic,0.5,0.015890445363521577,0.0003307303786277771,0.0017403993413972784
switch,inf,10.0,3.5,hard_amnesic,0.7,0.0127832281867663,6.39537572860549e-05,0.0010270731701712066
switch,inf,10.0,3.5,hard_amnesic,0.9,0.006361356317997001,1.9729137422874744e-07,2.0676344281387314e-05
switch,inf,10.0,3.5,soft,0.1,0.006800496984024839,1.0758638381402896e-07,1.6531198043899796e-05
switch,inf,10.0,3.5,soft,0.3,0.012855668690601986,0.0009125589132308998,0.0009352999746442947
switch,inf,10.0,3.5,soft,0.5,0.015522224291165669,0.00032965511083602904,0.001703261473121529
switch,inf,10.0,3.5,soft,0.7,0.01261237264156341,6.428396701811056e-05,0.0010253073579042393
switch,inf,10.0,3.5,soft,0.9,0.00614527526299161,9.834766390159899e-08,1.071455896257234e-05
switch,low,1.5,2.0,hard,0.1,0.0180080487276117,0.0004149103164672796,0.0016027036978524477
switch,low,1.5,2.0,hard,0.3,0.028239588576952617,0.006956412613391878,0.016148405033018207
switch,low,1.5,2.0,hard,0.5,0.039123570311069486,0.012024204134941102,0.02192725390661508
switch,low,1.5,2.0,hard,0.7,0.03599640550653138,0.010076329469680768,0.017426566604990514
switch,low,1.5,2.0,hard,0.9,0.02931222769618037,0.0031197607517242654,0.0034955971036532674
switch,low,1.5,2.0,hard_amnesic,0.1,0.030584910494089127,0.0024521694332361164,0.005197933685042528
switch,low,1.5,2.0,hard_amnesic,0.3,0.03624955231845379,0.018241721242666244,0.026574162354081637
switch,low,1.5,2.0,hard_amnesic,0.5,0.04409158564110597,0.014563940167427063,0.02440761710051447
switch,low,1.5,2.0,hard_amnesic,0.7,0.04168638440887132,0.015575708150863635,0.025139974891208113
switch,low,1.5,2.0,hard_amnesic,0.9,0.03920596804022791,0.0033442413806915507,0.004876716276138779
switch,low,1.5,2.0,soft,0.1,0.025153709427515665,0.0026688736677169746,0.003041527003755675
switch,low,1.5,2.0,soft,0.3,0.023967594777345655,0.004417612105607986,0.010584264099452411
switch,low,1.5,2.0,soft,0.5,0.046027861553430555,0.016165752112865448,0.02329989579273388
switch,low,1.5,2.0,soft,0.7,0.03341682521184284,0.008801277875900255,0.014194998183520512
switch,low,1.5,2.0,soft,0.9,0.045845698153972644,0.00934224069118502,0.006881943786218301
switch,low,1.5,3.5,hard,0.1,0.027412255142629148,0.003065307140350336,0.0010569107083014018
switch,low,1.5,3.5,hard,0.3,0.022821349143385884,0.0056549375951290125,0.011662564370417385
switch,low,1.5,3.5,hard,0.5,0.04560440422296524,0.012291560173034668,0.022273954055272042
switch,low,1.5,3.5,hard,0.7,0.029351296935876205,0.00819079685211181,0.013116681959290872
switch,low,1.5,3.5,hard,0.9,0.045851519354184495,0.00472039580345156,0.0041775532881428035
switch,low,1.5,3.5,hard_amnesic,0.1,0.042044611243406936,0.01176595196127891,0.013825691696765716
switch,low,1.5,3.5,hard_amnesic,0.3,0.027928740524053572,0.027501981467008586,0.0326523385472683
switch,low,1.5,3.5,hard_amnesic,0.5,0.05664547346433004,0.024534774720668794,0.03716437669470906
switch,low,1.5,3.5,hard_amnesic,0.7,0.03590148802955945,0.022627313017845156,0.02991164039056457
switch,low,1.5,3.5,hard_amnesic,0.9,0.058004201956590035,0.013218567967414878,0.012751068607069555
switch,low,1.5,3.5,soft,0.1,0.03416228202084701,0.009890486449003213,0.007014743604875946
switch,low,1.5,3.5,soft,0.3,0.020507828861474987,0.0029640798270702306,0.006479651647750871
switch,low,1.5,3.5,soft,0.5,0.059443278177579245,0.030485325753688813,0.026632674844004212
switch,low,1.5,3.5,soft,0.7,0.026948641819953916,0.004439599514007568,0.006970873783648131
switch,low,1.5,3.5,soft,0.9,0.06167938673098885,0.024839447736740135,0.011462334670367226
switch,low,3.0,2.0,hard,0.1,0.01609158270160357,0.0010402815788984243,0.0033609907009008568
switch,low,3.0,2.0,hard,0.3,0.032178683191736536,0.010759781390428541,0.020470080551167485
switch,low,3.0,2.0,hard,0.5,0.04395234700342019,0.014011200666427612,0.02297628375701606
switch,low,3.0,2.0,hard,0.7,0.04545322388192017,0.01754018473625182,0.022131654005133897
switch,low,3.0,2.0,hard,0.9,0.03422859184543294,0.0030676114559173807,0.0050601495283581245
switch,low,3.0,2.0,hard_amnesic,0.1,0.026980100604395072,0.002018131539225573,0.0039368656478069395
switch,low,3.0,2.0,hard_amnesic,0.3,0.03532336369057496,0.014581906735897064,0.025293700861220715
switch,low,3.0,2.0,hard_amnesic,0.5,0.04944674757719039,0.016895385980606078,0.02531507121399045
switch,low,3.0,2.0,hard_amnesic,0.7,0.04618691505253314,0.020227169990539542,0.02372807514584565
switch,low,3.0,2.0,hard_amnesic,0.9,0.0403846062064171,0.0036053675413131934,0.005874828919781976
switch,low,3.0,2.0,soft,0.1,0.022939325691759587,0.0023222304135560932,0.005268220430704105
switch,low,3.0,2.0,soft,0.3,0.02603470587790012,0.008697100609540938,0.014946680949942675
switch,low,3.0,2.0,soft,0.5,0.057495511236786846,0.023056002855300902,0.02450041988166049
switch,low,3.0,2.0,soft,0.7,0.04781182150920231,0.01782197010517119,0.019780276678138763
switch,low,3.0,2.0,soft,0.9,0.049808997579415655,0.010073351263999962,0.00819267237283384
switch,low,3.0,3.5,hard,0.1,0.01982208004196485,0.0010402815788984243,0.0033609907009008568
switch,low,3.0,3.5,hard,0.3,0.026547585663795465,0.00952269574999809,0.017326048576869653
switch,low,3.0,3.5,hard,0.5,0.04838007500867048,0.014011200666427612,0.02297628375701606
switch,low,3.0,3.5,hard,0.7,0.0432134303766489,0.01652969110012054,0.020560694404048264
switch,low,3.0,3.5,hard,0.9,0.03790685243209205,0.0030676114559173807,0.0050601495283581245
switch,low,3.0,3.5,hard_amnesic,0.1,0.03331345683187246,0.0021963553130626623,0.004795294933462912
switch,low,3.0,3.5,hard_amnesic,0.3,0.029107547658681864,0.019275388360023495,0.03146024510882853
switch,low,3.0,3.5,hard_amnesic,0.5,0.0583667844782273,0.01895202249288559,0.027835311107337474
switch,low,3.0,3.5,hard_amnesic,0.7,0.04463108003318309,0.019572688043117518,0.024285341756985872
switch,low,3.0,3.5,hard_amnesic,0.9,0.05007159418265027,0.004157744050025962,0.006765058332803164
switch,low,3.0,3.5,soft,0.1,0.0356721512362361,0.009610234946012491,0.008142117155596224
switch,low,3.0,3.5,soft,0.3,0.021704761809508,0.005759290039539331,0.010606112877867417
switch,low,3.0,3.5,soft,0.5,0.07227477082808813,0.03492316067218781,0.024127300174441188
switch,low,3.0,3.5,soft,0.7,0.05090894978463649,0.021469395399093618,0.01928145966034208
switch,low,3.0,3.5,soft,0.9,0.07063010805249216,0.021158716678619408,0.012981298453360069
switch,low,5.0,2.0,hard,0.1,0.0141370062371095,0.0003424817323684637,0.001318748567527166
switch,low,5.0,2.0,hard,0.3,0.0321166952624917,0.011745508402585985,0.019276510204654186
switch,low,5.0,2.0,hard,0.5,0.04577219473818938,0.01628492057323456,0.024343231101520358
switch,low,5.0,2.0,hard,0.7,0.050695942703882835,0.015186300277709947,0.021065636354032902
switch,low,5.0,2.0,hard,0.9,0.03946331119736038,0.0012984234094619972,0.005145350436159788
switch,low,5.0,2.0,hard_amnesic,0.1,0.019682155155638856,9.841680526732843e-05,0.0011061663049616755
switch,low,5.0,2.0,hard_amnesic,0.3,0.034895372696121536,0.01521220538020134,0.022072359698358923
switch,low,5.0,2.0,hard_amnesic,0.5,0.04906362753609816,0.018293374478816987,0.027101844819262623
switch,low,5.0,2.0,hard_amnesic,0.7,0.05168404038608073,0.016159752726554854,0.022380190300755203
switch,low,5.0,2.0,hard_amnesic,0.9,0.042092583789428095,0.0015679460763931496,0.0058095825553141365
switch,low,5.0,2.0,soft,0.1,0.01776023900558551,0.0001712712645530645,0.0015342289583981027
switch,low,5.0,2.0,soft,0.3,0.02949357873737812,0.011416425198316572,0.018468634869495872
switch,low,5.0,2.0,soft,0.5,0.060990004446109136,0.027024424374103545,0.029005601182579995
switch,low,5.0,2.0,soft,0.7,0.05837365860303241,0.020010749697685227,0.0228086953680031
switch,low,5.0,2.0,soft,0.9,0.04600665894150736,0.0029803532361984473,0.006753175282153734
switch,low,5.0,3.5,hard,0.1,0.014914336763322352,0.0003424817323684637,0.001318748567527166
switch,low,5.0,3.5,hard,0.3,0.031063743916849296,0.012140219777822496,0.019144974794471636
switch,low,5.0,3.5,hard,0.5,0.047388862765828765,0.01628492057323456,0.024343231101520358
switch,low,5.0,3.5,hard,0.7,0.050858713994423536,0.015186300277709947,0.021065636354032902
switch,low,5.0,3.5,hard,0.9,0.03937504747112594,0.0012984234094619972,0.005145350436159788
switch,low,5.0,3.5,hard_amnesic,0.1,0.02171882577439149,9.817019104957025e-05,0.0012038137900077573
switch,low,5.0,3.5,hard_amnesic,0.3,0.033547699358264606,0.01884988123178482,0.029801342649152504
switch,low,5.0,3.5,hard_amnesic,0.5,0.051244843137264254,0.018601441979408263,0.027168902456760406
switch,low,5.0,3.5,hard_amnesic,0.7,0.05221446875313917,0.016196493625640854,0.022421271833591164
switch,low,5.0,3.5,hard_amnesic,0.9,0.042809974050521865,0.0016311973333358986,0.006030806664723514
switch,low,5.0,3.5,soft,0.1,0.022272452478110792,0.0008423988521099035,0.002845561265043557
switch,low,5.0,3.5,soft,0.3,0.027302804137468332,0.01001093444228172,0.01567170186492149
switch,low,5.0,3.5,soft,0.5,0.06580270806153615,0.03332236707210541,0.02761062343604863
switch,low,5.0,3.5,soft,0.7,0.05842652652462322,0.020113494396209703,0.021770592788234355
switch,low,5.0,3.5,soft,0.9,0.04842172130942347,0.007060428261756919,0.005550165183028639
switch,low,10.0,2.0,hard,0.1,0.013382828606168427,0.000620454922318453,0.0019728974873663672
switch,low,10.0,2.0,hard,0.3,0.03093224999378125,0.007812027245759966,0.016169689598027618
switch,low,10.0,2.0,hard,0.5,0.04044841024825971,0.016059470474720002,0.02337884668726474
switch,low,10.0,2.0,hard,0.7,0.04960170083562532,0.011540755987167355,0.018020517103141172
switch,low,10.0,2.0,hard,0.9,0.047340420494476974,0.0010394597053528054,0.003083292111796254
switch,low,10.0,2.0,hard_amnesic,0.1,0.01898991342484951,0.0008055952191352789,0.0021056047194574034
switch,low,10.0,2.0,hard_amnesic,0.3,0.03663064788619677,0.01560752883553505,0.0227750885928981
switch,low,10.0,2.0,hard_amnesic,0.5,0.0501290085007747,0.019515357613563537,0.026274248473346234
switch,low,10.0,2.0,hard_amnesic,0.7,0.0544188162010908,0.013608447670936582,0.018216319468338044
switch,low,10.0,2.0,hard_amnesic,0.9,0.048603626638650914,0.0013164591789245827,0.0033245428376812926
switch,low,10.0,2.0,soft,0.1,0.014321879966060318,0.0007262778282165472,0.0022839206680556855
switch,low,10.0,2.0,soft,0.3,0.03529243835290272,0.015152352273464202,0.02059894760197494
switch,low,10.0,2.0,soft,0.5,0.062146967248121895,0.022539627850055696,0.026503996825776994
switch,low,10.0,2.0,soft,0.7,0.05931950732489426,0.011483996510505672,0.018816812458680943
switch,low,10.0,2.0,soft,0.9,0.05277446405291559,0.0013865047693252786,0.0035463636141366806
switch,low,10.0,3.5,hard,0.1,0.013253217790027456,0.000620454922318453,0.0019728974873663672
switch,low,10.0,3.5,hard,0.3,0.030457555382351082,0.007812027245759966,0.016169689598027618
switch,low,10.0,3.5,hard,0.5,0.04110687647114197,0.016059470474720002,0.02337884668726474
switch,low,10.0,3.5,hard,0.7,0.049680728124777467,0.011540755987167355,0.018020517103141172
switch,low,10.0,3.5,hard,0.9,0.047340420494476974,0.0010394597053528054,0.003083292111796254
switch,low,10.0,3.5,hard_amnesic,0.1,0.019633938119808833,0.0008169174194335882,0.0021434437285873286
switch,low,10.0,3.5,hard_amnesic,0.3,0.03802275593280792,0.018478127360343932,0.02509703249204904
switch,low,10.0,3.5,hard_amnesic,0.5,0.051615309774875634,0.019824804663658144,0.027050443841144443
switch,low,10.0,3.5,hard_amnesic,0.7,0.05457655801594256,0.013664683818817136,0.01837034198688343
switch,low,10.0,3.5,hard_amnesic,0.9,0.048603626638650914,0.0013164591789245827,0.0033245428376812926
switch,low,10.0,3.5,soft,0.1,0.01490150396923224,0.0007823821157216971,0.0024238747477375
switch,low,10.0,3.5,soft,0.3,0.037857982955574986,0.01879872632026672,0.020949419779208257
switch,low,10.0,3.5,soft,0.5,0.06763889114161332,0.0268839231133461,0.027081190212629735
switch,low,10.0,3.5,soft,0.7,0.06006669379095236,0.011647725701332087,0.019426276275189593
switch,low,10.0,3.5,soft,0.9,0.05277446405291559,0.0013865047693252786,0.0035463636141366806
vig,high,1.5,2.0,hard,0.1,0.02410261013507843,0.0011527432501316015,0.003045369613963089
vig,high,1.5,2.0,hard,0.3,0.036577092342873416,0.012185609817504888,0.019864820388611405
vig,high,1.5,2.0,hard,0.5,0.04146292996406555,0.015492185056209563,0.023639025976881386
vig,high,1.5,2.0,hard,0.7,0.029885425823529557,0.009456706285476674,0.01510257420130074
vig,high,1.5,2.0,hard,0.9,0.011907219912608487,8.383989334108666e-05,0.0008408842670447569
vig,high,1.5,2.0,hard_amnesic,0.1,0.02410261013507843,0.0011527432501316015,0.003045369613963089
vig,high,1.5,2.0,hard_amnesic,0.3,0.036577092342873416,0.012185609817504888,0.019864820388611405
vig,high,1.5,2.0,hard_amnesic,0.5,0.04146292996406555,0.015492185056209563,0.023639025976881386
vig,high,1.5,2.0,hard_amnesic,0.7,0.029885425823529557,0.009456706285476674,0.01510257420130074
vig,high,1.5,2.0,hard_amnesic,0.9,0.011907219912608487,8.383989334108666e-05,0.0008408842670447569
vig,high,1.5,2.0,soft,0.1,0.02410261013507843,0.0011527432501316015,0.003045369613963089
vig,high,1.5,2.0,soft,0.3,0.036577092342873416,0.012185609817504888,0.019864820388611405
vig,high,1.5,2.0,soft,0.5,0.04146292996406555,0.015492185056209563,0.023639025976881386
vig,high,1.5,2.0,soft,0.7,0.029885425823529557,0.009456706285476674,0.01510257420130074
vig,high,1.5,2.0,soft,0.9,0.011907219912608487,8.383989334108666e-05,0.0008408842670447569
vig,high,1.5,3.5,hard,0.1,0.02410261013507843,0.0011527432501316015,0.003045369613963089
vig,high,1.5,3.5,hard,0.3,0.036577092342873416,0.012185609817504888,0.019864820388611405
vig,high,1.5,3.5,hard,0.5,0.04146292996406555,0.015492185056209563,0.023639025976881386
vig,high,1.5,3.5,hard,0.7,0.029885425823529557,0.009456706285476674,0.01510257420130074
vig,high,1.5,3.5,hard,0.9,0.011907219912608487,8.383989334108666e-05,0.0008408842670447569
vig,high,1.5,3.5,hard_amnesic,0.1,0.02410261013507843,0.0011527432501316015,0.003045369613963089
vig,high,1.5,3.5,hard_amnesic,0.3,0.036577092342873416,0.012185609817504888,0.019864820388611405
vig,high,1.5,3.5,hard_amnesic,0.5,0.04146292996406555,0.015492185056209563,0.023639025976881386
vig,high,1.5,3.5,hard_amnesic,0.7,0.029885425823529557,0.009456706285476674,0.01510257420130074
vig,high,1.5,3.5,hard_amnesic,0.9,0.011907219912608487,8.383989334108666e-05,0.0008408842670447569
vig,high,1.5,3.5,soft,0.1,0.02410261013507843,0.0011527432501316015,0.003045369613963089
vig,high,1.5,3.5,soft,0.3,0.036577092342873416,0.012185609817504888,0.019864820388611405
vig,high,1.5,3.5,soft,0.5,0.04146292996406555,0.015492185056209563,0.023639025976881386
vig,high,1.5,3.5,soft,0.7,0.029885425823529557,0.009456706285476674,0.01510257420130074
vig,high,1.5,3.5,soft,0.9,0.011907219912608487,8.383989334108666e-05,0.0008408842670447569
vig,high,3.0,2.0,hard,0.1,0.0333080680941542,0.0021106052398681585,0.006356071900322604
vig,high,3.0,2.0,hard,0.3,0.045571498189965885,0.01077660003304482,0.019118581402581186
vig,high,3.0,2.0,hard,0.5,0.041180406365791955,0.01112919807434082,0.024186332607641817
vig,high,3.0,2.0,hard,0.7,0.031149415941238406,0.012039833307266238,0.020425230755936354
vig,high,3.0,2.0,hard,0.9,0.012898645079135917,5.6076645851157456e-05,0.0009765731994136218
vig,high,3.0,2.0,hard_amnesic,0.1,0.0333080680941542,0.0021106052398681585,0.006356071900322604
vig,high,3.0,2.0,hard_amnesic,0.3,0.045571498189965885,0.01077660003304482,0.019118581402581186
vig,high,3.0,2.0,hard_amnesic,0.5,0.041180406365791955,0.01112919807434082,0.024186332607641817
vig,high,3.0,2.0,hard_amnesic,0.7,0.031149415941238406,0.012039833307266238,0.020425230755936354
vig,high,3.0,2.0,hard_amnesic,0.9,0.012898645079135917,5.6076645851157456e-05,0.0009765731994136218
vig,high,3.0,2.0,soft,0.1,0.0333080680941542,0.0021106052398681585,0.006356071900322604
vig,high,3.0,2.0,soft,0.3,0.045571498189965885,0.01077660003304482,0.019118581402581186
vig,high,3.0,2.0,soft,0.5,0.041180406365791955,0.01112919807434082,0.024186332607641817
vig,high,3.0,2.0,soft,0.7,0.031149415941238406,0.012039833307266238,0.020425230755936354
vig,high,3.0,2.0,soft,0.9,0.012898645079135917,5.6076645851157456e-05,0.0009765731994136218
vig,high,3.0,3.5,hard,0.1,0.0333080680941542,0.0021106052398681585,0.006356071900322604
vig,high,3.0,3.5,hard,0.3,0.045571498189965885,0.01077660003304482,0.019118581402581186
vig,high,3.0,3.5,hard,0.5,0.041180406365791955,0.01112919807434082,0.024186332607641817
vig,high,3.0,3.5,hard,0.7,0.031149415941238406,0.012039833307266238,0.020425230755936354
vig,high,3.0,3.5,hard,0.9,0.012898645079135917,5.6076645851157456e-05,0.0009765731994136218
vig,high,3.0,3.5,hard_amnesic,0.1,0.0333080680941542,0.0021106052398681585,0.006356071900322604
vig,high,3.0,3.5,hard_amnesic,0.3,0.045571498189965885,0.01077660003304482,0.019118581402581186
vig,high,3.0,3.5,hard_amnesic,0.5,0.041180406365791955,0.01112919807434082,0.024186332607641817
vig,high,3.0,3.5,hard_amnesic,0.7,0.031149415941238406,0.012039833307266238,0.020425230755936354
vig,high,3.0,3.5,hard_amnesic,0.9,0.012898645079135917,5.6076645851157456e-05,0.0009765731994136218
vig,high,3.0,3.5,soft,0.1,0.0333080680941542,0.0021106052398681585,0.006356071900322604
vig,high,3.0,3.5,soft,0.3,0.045571498189965885,0.01077660003304482,0.019118581402581186
vig,high,3.0,3.5,soft,0.5,0.041180406365791955,0.01112919807434082,0.024186332607641817
vig,high,3.0,3.5,soft,0.7,0.031149415941238406,0.012039833307266238,0.020425230755936354
vig,high,3.0,3.5,soft,0.9,0.012898645079135917,5.6076645851157456e-05,0.0009765731994136218
vig,high,5.0,2.0,hard,0.1,0.04045267544984817,0.002849536687135691,0.005165066465703489
vig,high,5.0,2.0,hard,0.3,0.05209001421868801,0.010028957962989813,0.020024851211346686
vig,high,5.0,2.0,hard,0.5,0.04103764776786169,0.012310696840286255,0.02334235142916441
vig,high,5.0,2.0,hard,0.7,0.03397264588832855,0.012470623970031736,0.019375645972322674
vig,high,5.0,2.0,hard,0.9,0.011794678306579612,0.0005467122793197854,0.0013085446233286292
vig,high,5.0,2.0,hard_amnesic,0.1,0.04045267544984817,0.002849536687135691,0.005165066465703489
vig,high,5.0,2.0,hard_amnesic,0.3,0.05209001421868801,0.010028957962989813,0.020024851211346686
vig,high,5.0,2.0,hard_amnesic,0.5,0.04103764776786169,0.012310696840286255,0.02334235142916441
vig,high,5.0,2.0,hard_amnesic,0.7,0.03397264588832855,0.012470623970031736,0.019375645972322674
vig,high,5.0,2.0,hard_amnesic,0.9,0.011794678306579612,0.0005467122793197854,0.0013085446233286292
vig,high,5.0,2.0,soft,0.1,0.04045267544984817,0.002849536687135691,0.005165066465703489
vig,high,5.0,2.0,soft,0.3,0.05209001421868801,0.010028957962989813,0.020024851211346686
vig,high,5.0,2.0,soft,0.5,0.04103764776786169,0.012310696840286255,0.02334235142916441
vig,high,5.0,2.0,soft,0.7,0.03397264588832855,0.012470623970031736,0.019375645972322674
vig,high,5.0,2.0,soft,0.9,0.011794678306579612,0.0005467122793197854,0.0013085446233286292
vig,high,5.0,3.5,hard,0.1,0.04045267544984817,0.002849536687135691,0.005165066465703489
vig,high,5.0,3.5,hard,0.3,0.05209001421868801,0.010028957962989813,0.020024851211346686
vig,high,5.0,3.5,hard,0.5,0.04103764776786169,0.012310696840286255,0.02334235142916441
vig,high,5.0,3.5,hard,0.7,0.03397264588832855,0.012470623970031736,0.019375645972322674
vig,high,5.0,3.5,hard,0.9,0.011794678306579612,0.0005467122793197854,0.0013085446233286292
vig,high,5.0,3.5,hard_amnesic,0.1,0.04045267544984817,0.002849536687135691,0.005165066465703489
vig,high,5.0,3.5,hard_amnesic,0.3,0.05209001421868801,0.010028957962989813,0.020024851211346686
vig,high,5.0,3.5,hard_amnesic,0.5,0.04103764776786169,0.012310696840286255,0.02334235142916441
vig,high,5.0,3.5,hard_amnesic,0.7,0.03397264588832855,0.012470623970031736,0.019375645972322674
vig,high,5.0,3.5,hard_amnesic,0.9,0.011794678306579612,0.0005467122793197854,0.0013085446233286292
vig,high,5.0,3.5,soft,0.1,0.04045267544984817,0.002849536687135691,0.005165066465703489
vig,high,5.0,3.5,soft,0.3,0.05209001421868801,0.010028957962989813,0.020024851211346686
vig,high,5.0,3.5,soft,0.5,0.04103764776786169,0.012310696840286255,0.02334235142916441
vig,high,5.0,3.5,soft,0.7,0.03397264588832855,0.012470623970031736,0.019375645972322674
vig,high,5.0,3.5,soft,0.9,0.011794678306579612,0.0005467122793197854,0.0013085446233286292
vig,high,10.0,2.0,hard,0.1,0.045379036966959635,0.0002635584026575033,0.0021588920893509567
vig,high,10.0,2.0,hard,0.3,0.04902645437935989,0.008587041437625887,0.014973378801951185
vig,high,10.0,2.0,hard,0.5,0.0338419578909874,0.012061176598072052,0.02246800534427166
vig,high,10.0,2.0,hard,0.7,0.028898522957960762,0.008009998321533205,0.016432699225842954
vig,high,10.0,2.0,hard,0.9,0.013502142429351828,0.0011081206798553688,0.002824531143064064
vig,high,10.0,2.0,hard_amnesic,0.1,0.045379036966959635,0.0002635584026575033,0.0021588920893509567
vig,high,10.0,2.0,hard_amnesic,0.3,0.04902645437935989,0.008587041437625887,0.014973378801951185
vig,high,10.0,2.0,hard_amnesic,0.5,0.0338419578909874,0.012061176598072052,0.02246800534427166
vig,high,10.0,2.0,hard_amnesic,0.7,0.028898522957960762,0.008009998321533205,0.016432699225842954
vig,high,10.0,2.0,hard_amnesic,0.9,0.013502142429351828,0.0011081206798553688,0.002824531143064064
vig,high,10.0,2.0,soft,0.1,0.045379036966959635,0.0002635584026575033,0.0021588920893509567
vig,high,10.0,2.0,soft,0.3,0.04902645437935989,0.008587041437625887,0.014973378801951185
vig,high,10.0,2.0,soft,0.5,0.0338419578909874,0.012061176598072052,0.02246800534427166
vig,high,10.0,2.0,soft,0.7,0.028898522957960762,0.008009998321533205,0.016432699225842954
vig,high,10.0,2.0,soft,0.9,0.013502142429351828,0.0011081206798553688,0.002824531143064064
vig,high,10.0,3.5,hard,0.1,0.045379036966959635,0.0002635584026575033,0.0021588920893509567
vig,high,10.0,3.5,hard,0.3,0.04902645437935989,0.008587041437625887,0.014973378801951185
vig,high,10.0,3.5,hard,0.5,0.0338419578909874,0.012061176598072052,0.02246800534427166
vig,high,10.0,3.5,hard,0.7,0.028898522957960762,0.008009998321533205,0.016432699225842954
vig,high,10.0,3.5,hard,0.9,0.013502142429351828,0.0011081206798553688,0.002824531143064064
vig,high,10.0,3.5,hard_amnesic,0.1,0.045379036966959635,0.0002635584026575033,0.0021588920893509567
vig,high,10.0,3.5,hard_amnesic,0.3,0.04902645437935989,0.008587041437625887,0.014973378801951185
vig,high,10.0,3.5,hard_amnesic,0.5,0.0338419578909874,0.012061176598072052,0.02246800534427166
vig,high,10.0,3.5,hard_amnesic,0.7,0.028898522957960762,0.008009998321533205,0.016432699225842954
vig,high,10.0,3.5,hard_amnesic,0.9,0.013502142429351828,0.0011081206798553688,0.002824531143064064
vig,high,10.0,3.5,soft,0.1,0.045379036966959635,0.0002635584026575033,0.0021588920893509567
vig,high,10.0,3.5,soft,0.3,0.04902645437935989,0.008587041437625887,0.014973378801951185
vig,high,10.0,3.5,soft,0.5,0.0338419578909874,0.012061176598072052,0.02246800534427166
vig,high,10.0,3.5,soft,0.7,0.028898522957960762,0.008009998321533205,0.016432699225842954
vig,high,10.0,3.5,soft,0.9,0.013502142429351828,0.0011081206798553688,0.002824531143064064
vig,inf,1.5,2.0,hard,0.1,0.007630559965471423,1.4416128396932403e-06,0.00010480341036267271
vig,inf,1.5,2.0,hard,0.3,0.02132227732419968,0.0012159186005592394,0.003958055270340992
vig,inf,1.5,2.0,hard,0.5,0.02501442486345768,0.004659730195999146,0.008984310379601084
vig,inf,1.5,2.0,hard,0.7,0.02281041866302489,0.0018590743541717326,0.004537485536166059
vig,inf,1.5,2.0,hard,0.9,0.006658146748940172,6.496906282738024e-08,2.341046785757861e-05
vig,inf,1.5,2.0,hard_amnesic,0.1,0.007630559965471423,1.4416128396932403e-06,0.00010480341036267271
vig,inf,1.5,2.0,hard_amnesic,0.3,0.02132227732419968,0.0012159186005592394,0.003958055270340992
vig,inf,1.5,2.0,hard_amnesic,0.5,0.02501442486345768,0.004659730195999146,0.008984310379601084
vig,inf,1.5,2.0,hard_amnesic,0.7,0.02281041866302489,0.0018590743541717326,0.004537485536166059
vig,inf,1.5,2.0,hard_amnesic,0.9,0.006658146748940172,6.496906282738024e-08,2.341046785757861e-05
vig,inf,1.5,2.0,soft,0.1,0.007630559965471423,1.4416128396932403e-06,0.00010480341036267271
vig,inf,1.5,2.0,soft,0.3,0.02132227732419968,0.0012159186005592394,0.003958055270340992
vig,inf,1.5,2.0,soft,0.5,0.02501442486345768,0.004659730195999146,0.008984310379601084
vig,inf,1.5,2.0,soft,0.7,0.02281041866302489,0.0018590743541717326,0.004537485536166059
vig,inf,1.5,2.0,soft,0.9,0.006658146748940172,6.496906282738024e-08,2.341046785757861e-05
vig,inf,1.5,3.5,hard,0.1,0.007630559965471423,1.4416128396932403e-06,0.00010480341036267271
vig,inf,1.5,3.5,hard,0.3,0.02132227732419968,0.0012159186005592394,0.003958055270340992
vig,inf,1.5,3.5,hard,0.5,0.02501442486345768,0.004659730195999146,0.008984310379601084
vig,inf,1.5,3.5,hard,0.7,0.02281041866302489,0.0018590743541717326,0.004537485536166059
vig,inf,1.5,3.5,hard,0.9,0.006658146748940172,6.496906282738024e-08,2.341046785757861e-05
vig,inf,1.5,3.5,hard_amnesic,0.1,0.007630559965471423,1.4416128396932403e-06,0.00010480341036267271
vig,inf,1.5,3.5,hard_amnesic,0.3,0.02132227732419968,0.0012159186005592394,0.003958055270340992
vig,inf,1.5,3.5,hard_amnesic,0.5,0.02501442486345768,0.004659730195999146,0.008984310379601084
vig,inf,1.5,3.5,hard_amnesic,0.7,0.02281041866302489,0.0018590743541717326,0.004537485536166059
vig,inf,1.5,3.5,hard_amnesic,0.9,0.006658146748940172,6.496906282738024e-08,2.341046785757861e-05
vig,inf,1.5,3.5,soft,0.1,0.007630559965471423,1.4416128396932403e-06,0.00010480341036267271
vig,inf,1.5,3.5,soft,0.3,0.02132227732419968,0.0012159186005592394,0.003958055270340992
vig,inf,1.5,3.5,soft,0.5,0.02501442486345768,0.004659730195999146,0.008984310379601084
vig,inf,1.5,3.5,soft,0.7,0.02281041866302489,0.0018590743541717326,0.004537485536166059
vig,inf,1.5,3.5,soft,0.9,0.006658146748940172,6.496906282738024e-08,2.341046785757861e-05
vig,inf,3.0,2.0,hard,0.1,0.006696770300964511,5.275011062066959e-08,1.4421759964213798e-05
vig,inf,3.0,2.0,hard,0.3,0.01629333173165719,0.000277030467987065,0.0015181701636538493
vig,inf,3.0,2.0,hard,0.5,0.016980022287368775,0.0007500910758972168,0.002223975669185165
vig,inf,3.0,2.0,hard,0.7,0.01713318918029466,0.00036856472492216244,0.0015676595001423265
vig,inf,3.0,2.0,hard,0.9,0.006950947954257352,1.6450881960228258e-07,1.7115700759084974e-05
vig,inf,3.0,2.0,hard_amnesic,0.1,0.006696770300964511,5.275011062066959e-08,1.4421759964213798e-05
vig,inf,3.0,2.0,hard_amnesic,0.3,0.01629333173165719,0.000277030467987065,0.0015181701636538493
vig,inf,3.0,2.0,hard_amnesic,0.5,0.016980022287368775,0.0007500910758972168,0.002223975669185165
vig,inf,3.0,2.0,hard_amnesic,0.7,0.01713318918029466,0.00036856472492216244,0.0015676595001423265
vig,inf,3.0,2.0,hard_amnesic,0.9,0.006950947954257352,1.6450881960228258e-07,1.7115700759084974e-05
vig,inf,3.0,2.0,soft,0.1,0.006696770300964511,5.275011062066959e-08,1.4421759964213798e-05
vig,inf,3.0,2.0,soft,0.3,0.01629333173165719,0.000277030467987065,0.0015181701636538493
vig,inf,3.0,2.0,soft,0.5,0.016980022287368775,0.0007500910758972168,0.002223975669185165
vig,inf,3.0,2.0,soft,0.7,0.01713318918029466,0.00036856472492216244,0.0015676595001423265
vig,inf,3.0,2.0,soft,0.9,0.006950947954257352,1.6450881960228258e-07,1.7115700759084974e-05
vig,inf,3.0,3.5,hard,0.1,0.006696770300964511,5.275011062066959e-08,1.4421759964213798e-05
vig,inf,3.0,3.5,hard,0.3,0.01629333173165719,0.000277030467987065,0.0015181701636538493
vig,inf,3.0,3.5,hard,0.5,0.016980022287368775,0.0007500910758972168,0.002223975669185165
vig,inf,3.0,3.5,hard,0.7,0.01713318918029466,0.00036856472492216244,0.0015676595001423265
vig,inf,3.0,3.5,hard,0.9,0.006950947954257352,1.6450881960228258e-07,1.7115700759084974e-05
vig,inf,3.0,3.5,hard_amnesic,0.1,0.006696770300964511,5.275011062066959e-08,1.4421759964213798e-05
vig,inf,3.0,3.5,hard_amnesic,0.3,0.01629333173165719,0.000277030467987065,0.0015181701636538493
vig,inf,3.0,3.5,hard_amnesic,0.5,0.016980022287368775,0.0007500910758972168,0.002223975669185165
vig,inf,3.0,3.5,hard_amnesic,0.7,0.01713318918029466,0.00036856472492216244,0.0015676595001423265
vig,inf,3.0,3.5,hard_amnesic,0.9,0.006950947954257352,1.6450881960228258e-07,1.7115700759084974e-05
vig,inf,3.0,3.5,soft,0.1,0.006696770300964511,5.275011062066959e-08,1.4421759964213798e-05
vig,inf,3.0,3.5,soft,0.3,0.01629333173165719,0.000277030467987065,0.0015181701636538493
vig,inf,3.0,3.5,soft,0.5,0.016980022287368775,0.0007500910758972168,0.002223975669185165
vig,inf,3.0,3.5,soft,0.7,0.01713318918029466,0.00036856472492216244,0.0015676595001423265
vig,inf,3.0,3.5,soft,0.9,0.006950947954257352,1.6450881960228258e-07,1.7115700759084974e-05
vig,inf,5.0,2.0,hard,0.1,0.006694199297328785,5.789101123254703e-08,1.525515023290791e-05
vig,inf,5.0,2.0,hard,0.3,0.015378927158117294,4.742074012756725e-05,0.0009103003120799258
vig,inf,5.0,2.0,hard,0.5,0.01596722394923369,0.0001929256319999695,0.0016225077313720248
vig,inf,5.0,2.0,hard,0.7,0.016236238017876933,0.001207279562950112,0.0015962911387214262
vig,inf,5.0,2.0,hard,0.9,0.006737251540025097,2.562999727562243e-08,4.38292580025923e-06
vig,inf,5.0,2.0,hard_amnesic,0.1,0.006694199297328785,5.789101123254703e-08,1.525515023290791e-05
vig,inf,5.0,2.0,hard_amnesic,0.3,0.015378927158117294,4.742074012756725e-05,0.0009103003120799258
vig,inf,5.0,2.0,hard_amnesic,0.5,0.01596722394923369,0.0001929256319999695,0.0016225077313720248
vig,inf,5.0,2.0,hard_amnesic,0.7,0.016236238017876933,0.001207279562950112,0.0015962911387214262
vig,inf,5.0,2.0,hard_amnesic,0.9,0.006737251540025097,2.562999727562243e-08,4.38292580025923e-06
vig,inf,5.0,2.0,soft,0.1,0.006694199297328785,5.789101123254703e-08,1.525515023290791e-05
vig,inf,5.0,2.0,soft,0.3,0.015378927158117294,4.742074012756725e-05,0.0009103003120799258
vig,inf,5.0,2.0,soft,0.5,0.01596722394923369,0.0001929256319999695,0.0016225077313720248
vig,inf,5.0,2.0,soft,0.7,0.016236238017876933,0.001207279562950112,0.0015962911387214262
vig,inf,5.0,2.0,soft,0.9,0.006737251540025097,2.562999727562243e-08,4.38292580025923e-06
vig,inf,5.0,3.5,hard,0.1,0.006694199297328785,5.789101123254703e-08,1.525515023290791e-05
vig,inf,5.0,3.5,hard,0.3,0.015378927158117294,4.742074012756725e-05,0.0009103003120799258
vig,inf,5.0,3.5,hard,0.5,0.01596722394923369,0.0001929256319999695,0.0016225077313720248
vig,inf,5.0,3.5,hard,0.7,0.016236238017876933,0.001207279562950112,0.0015962911387214262
vig,inf,5.0,3.5,hard,0.9,0.006737251540025097,2.562999727562243e-08,4.38292580025923e-06
vig,inf,5.0,3.5,hard_amnesic,0.1,0.006694199297328785,5.789101123254703e-08,1.525515023290791e-05
vig,inf,5.0,3.5,hard_amnesic,0.3,0.015378927158117294,4.742074012756725e-05,0.0009103003120799258
vig,inf,5.0,3.5,hard_amnesic,0.5,0.01596722394923369,0.0001929256319999695,0.0016225077313720248
vig,inf,5.0,3.5,hard_amnesic,0.7,0.016236238017876933,0.001207279562950112,0.0015962911387214262
vig,inf,5.0,3.5,hard_amnesic,0.9,0.006737251540025097,2.562999727562243e-08,4.38292580025923e-06
vig,inf,5.0,3.5,soft,0.1,0.006694199297328785,5.789101123254703e-08,1.525515023290791e-05
vig,inf,5.0,3.5,soft,0.3,0.015378927158117294,4.742074012756725e-05,0.0009103003120799258
vig,inf,5.0,3.5,soft,0.5,0.01596722394923369,0.0001929256319999695,0.0016225077313720248
vig,inf,5.0,3.5,soft,0.7,0.016236238017876933,0.001207279562950112,0.0015962911387214262
vig,inf,5.0,3.5,soft,0.9,0.006737251540025097,2.562999727562243e-08,4.38292580025923e-06
vig,inf,10.0,2.0,hard,0.1,0.006837250167628125,8.188188075464175e-08,1.4971852516637573e-05
vig,inf,10.0,2.0,hard,0.3,0.013007523075441521,0.0009132378101348915,0.0009408353526123392
vig,inf,10.0,2.0,hard,0.5,0.015416961736480394,0.00032970845699310304,0.0017056577100083815
vig,inf,10.0,2.0,hard,0.7,0.012738153193394336,6.462013721464377e-05,0.0010290024561072642
vig,inf,10.0,2.0,hard,0.9,0.006196875230471316,9.834766390159899e-08,1.0710320340265867e-05
vig,inf,10.0,2.0,hard_amnesic,0.1,0.006837250167628125,8.188188075464175e-08,1.4971852516637573e-05
vig,inf,10.0,2.0,hard_amnesic,0.3,0.013007523075441521,0.0009132378101348915,0.0009408353526123392
vig,inf,10.0,2.0,hard_amnesic,0.5,0.015416961736480394,0.00032970845699310304,0.0017056577100083815
vig,inf,10.0,2.0,hard_amnesic,0.7,0.012738153193394336,6.462013721464377e-05,0.0010290024561072642
vig,inf,10.0,2.0,hard_amnesic,0.9,0.006196875230471316,9.834766390159899e-08,1.0710320340265867e-05
vig,inf,10.0,2.0,soft,0.1,0.006837250167628125,8.188188075464175e-08,1.4971852516637573e-05
vig,inf,10.0,2.0,soft,0.3,0.013007523075441521,0.0009132378101348915,0.0009408353526123392
vig,inf,10.0,2.0,soft,0.5,0.015416961736480394,0.00032970845699310304,0.0017056577100083815
vig,inf,10.0,2.0,soft,0.7,0.012738153193394336,6.462013721464377e-05,0.0010290024561072642
vig,inf,10.0,2.0,soft,0.9,0.006196875230471316,9.834766390159899e-08,1.0710320340265867e-05
vig,inf,10.0,3.5,hard,0.1,0.006837250167628125,8.188188075464175e-08,1.4971852516637573e-05
vig,inf,10.0,3.5,hard,0.3,0.013007523075441521,0.0009132378101348915,0.0009408353526123392
vig,inf,10.0,3.5,hard,0.5,0.015416961736480394,0.00032970845699310304,0.0017056577100083815
vig,inf,10.0,3.5,hard,0.7,0.012738153193394336,6.462013721464377e-05,0.0010290024561072642
vig,inf,10.0,3.5,hard,0.9,0.006196875230471316,9.834766390159899e-08,1.0710320340265867e-05
vig,inf,10.0,3.5,hard_amnesic,0.1,0.006837250167628125,8.188188075464175e-08,1.4971852516637573e-05
vig,inf,10.0,3.5,hard_amnesic,0.3,0.013007523075441521,0.0009132378101348915,0.0009408353526123392
vig,inf,10.0,3.5,hard_amnesic,0.5,0.015416961736480394,0.00032970845699310304,0.0017056577100083815
vig,inf,10.0,3.5,hard_amnesic,0.7,0.012738153193394336,6.462013721464377e-05,0.0010290024561072642
vig,inf,10.0,3.5,hard_amnesic,0.9,0.006196875230471316,9.834766390159899e-08,1.0710320340265867e-05
vig,inf,10.0,3.5,soft,0.1,0.006837250167628125,8.188188075464175e-08,1.4971852516637573e-05
vig,inf,10.0,3.5,soft,0.3,0.013007523075441521,0.0009132378101348915,0.0009408353526123392
vig,inf,10.0,3.5,soft,0.5,0.015416961736480394,0.00032970845699310304,0.0017056577100083815
vig,inf,10.0,3.5,soft,0.7,0.012738153193394336,6.462013721464377e-05,0.0010290024561072642
vig,inf,10.0,3.5,soft,0.9,0.006196875230471316,9.834766390159899e-08,1.0710320340265867e-05
vig,low,1.5,2.0,hard,0.1,0.014351041884223618,0.0004149103164672796,0.0016027036978524477
vig,low,1.5,2.0,hard,0.3,0.03059194282054901,0.0069332641959190386,0.016294104945845902
vig,low,1.5,2.0,hard,0.5,0.03805108240544796,0.012024204134941102,0.02192725390661508
vig,low,1.5,2.0,hard,0.7,0.03706250407894451,0.010076329469680768,0.017426566604990514
vig,low,1.5,2.0,hard,0.9,0.025509425228834176,0.0031197607517242654,0.0034955971036532674
vig,low,1.5,2.0,hard_amnesic,0.1,0.014351041884223618,0.0004149103164672796,0.0016027036978524477
vig,low,1.5,2.0,hard_amnesic,0.3,0.03059194282054901,0.0069332641959190386,0.016294104945845902
vig,low,1.5,2.0,hard_amnesic,0.5,0.03805108240544796,0.012024204134941102,0.02192725390661508
vig,low,1.5,2.0,hard_amnesic,0.7,0.03706250407894451,0.010076329469680768,0.017426566604990514
vig,low,1.5,2.0,hard_amnesic,0.9,0.025509425228834176,0.0031197607517242654,0.0034955971036532674
vig,low,1.5,2.0,soft,0.1,0.014351041884223618,0.0004149103164672796,0.0016027036978524477
vig,low,1.5,2.0,soft,0.3,0.03059194282054901,0.0069332641959190386,0.016294104945845902
vig,low,1.5,2.0,soft,0.5,0.03805108240544796,0.012024204134941102,0.02192725390661508
vig,low,1.5,2.0,soft,0.7,0.03706250407894451,0.010076329469680768,0.017426566604990514
vig,low,1.5,2.0,soft,0.9,0.025509425228834176,0.0031197607517242654,0.0034955971036532674
vig,low,1.5,3.5,hard,0.1,0.014351041884223618,0.0004149103164672796,0.0016027036978524477
vig,low,1.5,3.5,hard,0.3,0.03059194282054901,0.0069332641959190386,0.016294104945845902
vig,low,1.5,3.5,hard,0.5,0.03805108240544796,0.012024204134941102,0.02192725390661508
vig,low,1.5,3.5,hard,0.7,0.03706250407894451,0.010076329469680768,0.017426566604990514
vig,low,1.5,3.5,hard,0.9,0.025509425228834176,0.0031197607517242654,0.0034955971036532674
vig,low,1.5,3.5,hard_amnesic,0.1,0.014351041884223618,0.0004149103164672796,0.0016027036978524477
vig,low,1.5,3.5,hard_amnesic,0.3,0.03059194282054901,0.0069332641959190386,0.016294104945845902
vig,low,1.5,3.5,hard_amnesic,0.5,0.03805108240544796,0.012024204134941102,0.02192725390661508
vig,low,1.5,3.5,hard_amnesic,0.7,0.03706250407894451,0.010076329469680768,0.017426566604990514
vig,low,1.5,3.5,hard_amnesic,0.9,0.025509425228834176,0.0031197607517242654,0.0034955971036532674
vig,low,1.5,3.5,soft,0.1,0.014351041884223618,0.0004149103164672796,0.0016027036978524477
vig,low,1.5,3.5,soft,0.3,0.03059194282054901,0.0069332641959190386,0.016294104945845902
vig,low,1.5,3.5,soft,0.5,0.03805108240544796,0.012024204134941102,0.02192725390661508
vig,low,1.5,3.5,soft,0.7,0.03706250407894451,0.010076329469680768,0.017426566604990514
vig,low,1.5,3.5,soft,0.9,0.025509425228834176,0.0031197607517242654,0.0034955971036532674
vig,low,3.0,2.0,hard,0.1,0.015242119536797206,0.0010402815788984243,0.0033609907009008568
vig,low,3.0,2.0,hard,0.3,0.03389686591058969,0.011530614405870438,0.020763485298957676
vig,low,3.0,2.0,hard,0.5,0.04287403950095177,0.014011200666427612,0.02297628375701606
vig,low,3.0,2.0,hard,0.7,0.04624640738467374,0.017694962501525868,0.0225197898526676
vig,low,3.0,2.0,hard,0.9,0.033724791393677414,0.0030676114559173807,0.0050601495283581245
vig,low,3.0,2.0,hard_amnesic,0.1,0.015242119536797206,0.0010402815788984243,0.0033609907009008568
vig,low,3.0,2.0,hard_amnesic,0.3,0.03389686591058969,0.011530614405870438,0.020763485298957676
vig,low,3.0,2.0,hard_amnesic,0.5,0.04287403950095177,0.014011200666427612,0.02297628375701606
vig,low,3.0,2.0,hard_amnesic,0.7,0.04624640738467374,0.017694962501525868,0.0225197898526676
vig,low,3.0,2.0,hard_amnesic,0.9,0.033724791393677414,0.0030676114559173807,0.0050601495283581245
vig,low,3.0,2.0,soft,0.1,0.015242119536797206,0.0010402815788984243,0.0033609907009008568
vig,low,3.0,2.0,soft,0.3,0.03389686591058969,0.011530614405870438,0.020763485298957676
vig,low,3.0,2.0,soft,0.5,0.04287403950095177,0.014011200666427612,0.02297628375701606
vig,low,3.0,2.0,soft,0.7,0.04624640738467374,0.017694962501525868,0.0225197898526676
vig,low,3.0,2.0,soft,0.9,0.033724791393677414,0.0030676114559173807,0.0050601495283581245
vig,low,3.0,3.5,hard,0.1,0.015242119536797206,0.0010402815788984243,0.0033609907009008568
vig,low,3.0,3.5,hard,0.3,0.03389686591058969,0.011530614405870438,0.020763485298957676
vig,low,3.0,3.5,hard,0.5,0.04287403950095177,0.014011200666427612,0.02297628375701606
vig,low,3.0,3.5,hard,0.7,0.04624640738467374,0.017694962501525868,0.0225197898526676
vig,low,3.0,3.5,hard,0.9,0.033724791393677414,0.0030676114559173807,0.0050601495283581245
vig,low,3.0,3.5,hard_amnesic,0.1,0.015242119536797206,0.0010402815788984243,0.0033609907009008568
vig,low,3.0,3.5,hard_amnesic,0.3,0.03389686591058969,0.011530614405870438,0.020763485298957676
vig,low,3.0,3.5,hard_amnesic,0.5,0.04287403950095177,0.014011200666427612,0.02297628375701606
vig,low,3.0,3.5,hard_amnesic,0.7,0.04624640738467374,0.017694962501525868,0.0225197898526676
vig,low,3.0,3.5,hard_amnesic,0.9,0.033724791393677414,0.0030676114559173807,0.0050601495283581245
vig,low,3.0,3.5,soft,0.1,0.015242119536797206,0.0010402815788984243,0.0033609907009008568
vig,low,3.0,3.5,soft,0.3,0.03389686591058969,0.011530614405870438,0.020763485298957676
vig,low,3.0,3.5,soft,0.5,0.04287403950095177,0.014011200666427612,0.02297628375701606
vig,low,3.0,3.5,soft,0.7,0.04624640738467374,0.017694962501525868,0.0225197898526676
vig,low,3.0,3.5,soft,0.9,0.033724791393677414,0.0030676114559173807,0.0050601495283581245
vig,low,5.0,2.0,hard,0.1,0.013989104767143722,0.0003424817323684637,0.001318748567527166
vig,low,5.0,2.0,hard,0.3,0.03238936625788609,0.011745508402585985,0.019276510204654186
vig,low,5.0,2.0,hard,0.5,0.044949114201466245,0.01628492057323456,0.024343231101520358
vig,low,5.0,2.0,hard,0.7,0.05053733910083769,0.015186300277709947,0.021065636354032902
vig,low,5.0,2.0,hard,0.9,0.039597126028935135,0.0012984234094619972,0.005145350436159788
vig,low,5.0,2.0,hard_amnesic,0.1,0.013989104767143722,0.0003424817323684637,0.001318748567527166
vig,low,5.0,2.0,hard_amnesic,0.3,0.03238936625788609,0.011745508402585985,0.019276510204654186
vig,low,5.0,2.0,hard_amnesic,0.5,0.044949114201466245,0.01628492057323456,0.024343231101520358
vig,low,5.0,2.0,hard_amnesic,0.7,0.05053733910083769,0.015186300277709947,0.021065636354032902
vig,low,5.0,2.0,hard_amnesic,0.9,0.039597126028935135,0.0012984234094619972,0.005145350436159788
vig,low,5.0,2.0,soft,0.1,0.013989104767143722,0.0003424817323684637,0.001318748567527166
vig,low,5.0,2.0,soft,0.3,0.03238936625788609,0.011745508402585985,0.019276510204654186
vig,low,5.0,2.0,soft,0.5,0.044949114201466245,0.01628492057323456,0.024343231101520358
vig,low,5.0,2.0,soft,0.7,0.05053733910083769,0.015186300277709947,0.021065636354032902
vig,low,5.0,2.0,soft,0.9,0.039597126028935135,0.0012984234094619972,0.005145350436159788
vig,low,5.0,3.5,hard,0.1,0.013989104767143722,0.0003424817323684637,0.001318748567527166
vig,low,5.0,3.5,hard,0.3,0.03238936625788609,0.011745508402585985,0.019276510204654186
vig,low,5.0,3.5,hard,0.5,0.044949114201466245,0.01628492057323456,0.024343231101520358
vig,low,5.0,3.5,hard,0.7,0.05053733910083769,0.015186300277709947,0.021065636354032902
vig,low,5.0,3.5,hard,0.9,0.039597126028935135,0.0012984234094619972,0.005145350436159788
vig,low,5.0,3.5,hard_amnesic,0.1,0.013989104767143722,0.0003424817323684637,0.001318748567527166
vig,low,5.0,3.5,hard_amnesic,0.3,0.03238936625788609,0.011745508402585985,0.019276510204654186
vig,low,5.0,3.5,hard_amnesic,0.5,0.044949114201466245,0.01628492057323456,0.024343231101520358
vig,low,5.0,3.5,hard_amnesic,0.7,0.05053733910083769,0.015186300277709947,0.021065636354032902
vig,low,5.0,3.5,hard_amnesic,0.9,0.039597126028935135,0.0012984234094619972,0.005145350436159788
vig,low,5.0,3.5,soft,0.1,0.013989104767143722,0.0003424817323684637,0.001318748567527166
vig,low,5.0,3.5,soft,0.3,0.03238936625788609,0.011745508402585985,0.019276510204654186
vig,low,5.0,3.5,soft,0.5,0.044949114201466245,0.01628492057323456,0.024343231101520358
vig,low,5.0,3.5,soft,0.7,0.05053733910083769,0.015186300277709947,0.021065636354032902
vig,low,5.0,3.5,soft,0.9,0.039597126028935135,0.0012984234094619972,0.005145350436159788
vig,low,10.0,2.0,hard,0.1,0.013399360995988048,0.000620454922318453,0.0019728974873663672
vig,low,10.0,2.0,hard,0.3,0.031014888767202695,0.007812027245759966,0.016169689598027618
vig,low,10.0,2.0,hard,0.5,0.04026558280736208,0.016059470474720002,0.02337884668726474
vig,low,10.0,2.0,hard,0.7,0.04958410809159278,0.011540755987167355,0.018020517103141172
vig,low,10.0,2.0,hard,0.9,0.047344101446867,0.0010394597053528054,0.003083292111796254
vig,low,10.0,2.0,hard_amnesic,0.1,0.013399360995988048,0.000620454922318453,0.0019728974873663672
vig,low,10.0,2.0,hard_amnesic,0.3,0.031014888767202695,0.007812027245759966,0.016169689598027618
vig,low,10.0,2.0,hard_amnesic,0.5,0.04026558280736208,0.016059470474720002,0.02337884668726474
vig,low,10.0,2.0,hard_amnesic,0.7,0.04958410809159278,0.011540755987167355,0.018020517103141172
vig,low,10.0,2.0,hard_amnesic,0.9,0.047344101446867,0.0010394597053528054,0.003083292111796254
vig,low,10.0,2.0,soft,0.1,0.013399360995988048,0.000620454922318453,0.0019728974873663672
vig,low,10.0,2.0,soft,0.3,0.031014888767202695,0.007812027245759966,0.016169689598027618
vig,low,10.0,2.0,soft,0.5,0.04026558280736208,0.016059470474720002,0.02337884668726474
vig,low,10.0,2.0,soft,0.7,0.04958410809159278,0.011540755987167355,0.018020517103141172
vig,low,10.0,2.0,soft,0.9,0.047344101446867,0.0010394597053528054,0.003083292111796254
vig,low,10.0,3.5,hard,0.1,0.013399360995988048,0.000620454922318453,0.0019728974873663672
vig,low,10.0,3.5,hard,0.3,0.031014888767202695,0.007812027245759966,0.016169689598027618
vig,low,10.0,3.5,hard,0.5,0.04026558280736208,0.016059470474720002,0.02337884668726474
vig,low,10.0,3.5,hard,0.7,0.04958410809159278,0.011540755987167355,0.018020517103141172
vig,low,10.0,3.5,hard,0.9,0.047344101446867,0.0010394597053528054,0.003083292111796254
vig,low,10.0,3.5,hard_amnesic,0.1,0.013399360995988048,0.000620454922318453,0.0019728974873663672
vig,low,10.0,3.5,hard_amnesic,0.3,0.031014888767202695,0.007812027245759966,0.016169689598027618
vig,low,10.0,3.5,hard_amnesic,0.5,0.04026558280736208,0.016059470474720002,0.02337884668726474
vig,low,10.0,3.5,hard_amnesic,0.7,0.04958410809159278,0.011540755987167355,0.018020517103141172
vig,low,10.0,3.5,hard_amnesic,0.9,0.047344101446867,0.0010394597053528054,0.003083292111796254
vig,low,10.0,3.5,soft,0.1,0.013399360995988048,0.000620454922318453,0.0019728974873663672
vig,low,10.0,3.5,soft,0.3,0.031014888767202695,0.007812027245759966,0.016169689598027618
vig,low,10.0,3.5,soft,0.5,0.04026558280736208,0.016059470474720002,0.02337884668726474
vig,low,10.0,3.5,soft,0.7,0.04958410809159278,0.011540755987167355,0.018020517103141172
vig,low,10.0,3.5,soft,0.9,0.047344101446867,0.0010394597053528054,0.003083292111796254
